,,,,,,,,,,,,,,,,,,,,,,（その他の各属性項目）,（その他の各属性項目）,（その他の各属性項目）,（その他の各属性項目）,（その他の各属性項目）,（その他の各属性項目）,（その他の各属性項目）,（その他の各属性項目）,（その他の各属性項目）,（その他の各属性項目）,（その他の各属性項目）,（その他の各属性項目）,（その他の各属性項目）
,,,,,,,,,,,,,,,,,,,,,,水位,水位,水位,水位,水位,ダム,ダム,ダム,ダム,ダム,ダム,潮位,潮位
データ種別,集計連携用事務所名,管理事務所番号,管理事務所名,所管事務所番号,所管事務所名,データ所管番号,データ所管,水系番号,水系名,水系名(表示用),河川番号,河川名,河川名(表示用),観測所番号,観測所名,ふりがな,市町村コード,市町村名,住所,緯度,経度,零点高[T.P.m],水防団待機[m],はん濫注意[m],避難判断[m],はん濫危険[m],洪水量[m3/s],最低水位[EL.m],制限水位[EL.m],常時満水位[EL.m],ただし書き操作開始水位[EL.m],サーチャージ水位[EL.m],注意潮位[TP.cm],警戒潮位[TP.cm]
1,西部建設事務所,8705,広島県庁,8706,西部建設事務所,3,砂防課,87081000,太田川,,87081003,天満川,,80,江波,えば,341011,広島市中区,広島市中区江波西１丁目１番１３号,34.37305555555555,132.4361111111111,,,,,,,,,,,,,
1,西部建設事務所,16195,広島地方気象台,8706,西部建設事務所,9,気象台,87081000,太田川,,87081012,京橋川,,7437,広島(気),ひろしま,341011,広島市中区,広島市中区上八丁堀　広島地方気象台,34.39833333333333,132.46166666666664,,,,,,,,,,,,,
1,西部建設事務所,22333,太田川河川事務所,8706,西部建設事務所,5,国土交通省,87081000,太田川,,87081012,京橋川,,13,広島(国),ひろしま,341011,広島市中区,広島市中区八丁堀3-20,34.39694444444444,132.4622222222222,,,,,,,,,,,,,
1,西部建設事務所,8705,広島県庁,8706,西部建設事務所,3,砂防課,87081000,太田川,,87081014,二又川,,86,牛田早稲田,うしたわせだ,341029,広島市東区,広島市東区牛田早稲田４丁目９?１,34.41861111111111,132.48083333333332,,,,,,,,,,,,,
1,西部建設事務所,8705,広島県庁,8706,西部建設事務所,3,砂防課,87081000,太田川,,87081036,中山川,,85,中山新町,なかやましんまち,341029,広島市東区,広島市東区中山新町２丁目８番１号,34.420833333333334,132.5,,,,,,,,,,,,,
1,西部建設事務所,22333,太田川河川事務所,8706,西部建設事務所,5,国土交通省,87081000,太田川,,87081000,石内川,戸坂川(矢口川),65,温品(砂防),ぬくしな,341029,広島市東区,広島市東区戸坂町748,34.4375,132.50166666666667,,,,,,,,,,,,,
1,西部建設事務所,8705,広島県庁,8706,西部建設事務所,3,砂防課,87081000,太田川,,87081121,小河原川,,84,福木,ふくぎ,341029,広島市東区,広島市東区馬木９丁目１?２,34.44555555555555,132.5361111111111,,,,,,,,,,,,,
1,西部建設事務所,8705,広島県庁,8706,西部建設事務所,1,河川課,87081000,太田川,,87081012,京橋川,,1,西部建設,せいぶけんせつ,341037,広島市南区,広島市南区比治山本町１６?１２　西部建設事務所内,34.38166666666667,132.46833333333333,,,,,,,,,,,,,
1,西部建設事務所,8705,広島県庁,8706,西部建設事務所,3,砂防課,87999000,その他,,87999999,沿岸部,,81,楠那,くすな,341037,広島市南区,広島市南区楠那町５番７号,34.36277777777778,132.4861111111111,,,,,,,,,,,,,
1,西部建設事務所,8705,広島県庁,8706,西部建設事務所,3,砂防課,87081000,太田川,,87081006,八幡川放水路,,82,己斐,こい,341045,広島市西区,広島市西区己斐３丁目１２７番地,34.406666666666666,132.42555555555555,,,,,,,,,,,,,
1,西部建設事務所,8705,広島県庁,8706,西部建設事務所,3,砂防課,87999000,その他,,87999999,沿岸部,,83,井口台,いのくちだい,341045,広島市西区,広島市西区井口台３丁目５?１,34.37972222222222,132.38111111111112,,,,,,,,,,,,,
1,西部建設事務所,8705,広島県庁,8706,西部建設事務所,3,砂防課,87081000,太田川,,87081007,東山本川,,92,祇園山本,ぎおんやまもと,341053,広島市安佐南区,広島市安佐南区山本町方置山１５１４?１地先,34.44555555555555,132.44083333333333,,,,,,,,,,,,,
1,西部建設事務所,8705,広島県庁,8706,西部建設事務所,1,河川課,87081000,太田川,,87081018,安川,,2,瀬戸内ハイツ,せとうちはいつ,341053,広島市安佐南区,安佐南区沼田町伴瀬戸内第３公園内,34.474444444444444,132.4211111111111,,,,,,,,,,,,,
1,西部建設事務所,22333,太田川河川事務所,8706,西部建設事務所,5,国土交通省,87081000,太田川,,87081001,太田川,,12,高瀬(国),たかせ,341053,広島市安佐南区,広島市安佐南区八木5-31-1,34.48027777777778,132.4997222222222,,,,,,,,,,,,,
1,西部建設事務所,22333,太田川河川事務所,8706,西部建設事務所,5,国土交通省,87081000,太田川,,87081018,安川,,61,毘沙門台(砂防),びしゃもんだい,341053,広島市安佐南区,広島市安佐南区毘沙門台4丁目500-226,34.48444444444444,132.4611111111111,,,,,,,,,,,,,
1,西部建設事務所,22333,太田川河川事務所,8706,西部建設事務所,5,国土交通省,87081000,太田川,,87081018,安川,,69,相田(砂防),あいた,341053,広島市安佐南区,広島市安佐南区相田７丁目,34.461666666666666,132.44111111111113,,,,,,,,,,,,,
1,西部建設事務所,8705,広島県庁,8706,西部建設事務所,3,砂防課,87081000,太田川,,87081115,奥畑川,,91,奥畑,おくはた,341053,広島市安佐南区,広島市安佐南区沼田町大字伴奥畑地先,34.45861111111111,132.37583333333333,,,,,,,,,,,,,
1,西部建設事務所,22333,太田川河川事務所,8706,西部建設事務所,5,国土交通省,87081000,太田川,,87081023,吉山川,,1,戸山(国),とやま,341053,広島市安佐南区,広島市安佐南区沼田町阿戸字大原51-3,34.48166666666667,132.355,,,,,,,,,,,,,
1,西部建設事務所,22333,太田川河川事務所,8706,西部建設事務所,5,国土交通省,87081000,太田川,,87081023,吉山川,,63,吉山(砂防),よしやま,341053,広島市安佐南区,広島市安佐南区沼田町大字吉山字影浦,34.45472222222222,132.33166666666665,,,,,,,,,,,,,
1,西部建設事務所,8705,広島県庁,8706,西部建設事務所,3,砂防課,87081000,太田川,,87081001,太田川,,88,日浦,ひうら,341061,広島市安佐北区,広島市安佐北区安佐町大字あさひが丘９５５,34.509166666666665,132.4388888888889,,,,,,,,,,,,,
1,西部建設事務所,8705,広島県庁,8706,西部建設事務所,3,砂防課,87081000,太田川,,87081001,太田川,,89,上原,うえばら,341061,広島市安佐北区,広島市安佐北区可部東２丁目２５-３０地先,34.51111111111111,132.51666666666668,,,,,,,,,,,,,
1,西部建設事務所,22333,太田川河川事務所,8706,西部建設事務所,5,国土交通省,87081000,太田川,,87081001,太田川,,11,飯室(国),いむろ,341061,広島市安佐北区,広島市安佐北区安佐町大字飯室,34.53527777777778,132.4338888888889,,,,,,,,,,,,,
1,西部建設事務所,8705,広島県庁,8706,西部建設事務所,3,砂防課,87081000,太田川,,87081019,三篠川,,90,白木,しらき,341061,広島市安佐北区,広島市安佐北区白木町大字市川１４２８,34.55361111111111,132.65555555555557,,,,,,,,,,,,,
1,西部建設事務所,22333,太田川河川事務所,8706,西部建設事務所,5,国土交通省,87081000,太田川,,87081019,三篠川,,5,狩留家(国),かるが,341061,広島市安佐北区,広島市安佐北区狩留家町2658,34.48583333333333,132.58138888888888,,,,,,,,,,,,,
1,西部建設事務所,22333,太田川河川事務所,8706,西部建設事務所,5,国土交通省,87081000,太田川,,87081019,三篠川,,62,深川(砂防),ふかわ,341061,広島市安佐北区,広島市安佐北区深川5丁目12-1,34.488055555555555,132.53194444444446,,,,,,,,,,,,,
1,西部建設事務所,22333,太田川河川事務所,8706,西部建設事務所,5,国土交通省,87081000,太田川,,87081201,関川,,4,白木(国),しらき,341061,広島市安佐北区,広島市安佐北区白木町小越字関川612-4,34.550555555555555,132.67388888888888,,,,,,,,,,,,,
1,西部建設事務所,22333,太田川河川事務所,8706,西部建設事務所,5,国土交通省,87081000,太田川,,87081116,根谷川,,2,大林(国),おおばやし,341061,広島市安佐北区,広島市安佐北区可部町大林字下毛山2137-2,34.56111111111111,132.55666666666667,,,,,,,,,,,,,
1,西部建設事務所,22333,太田川河川事務所,8706,西部建設事務所,5,国土交通省,87081000,太田川,,87081116,根谷川,,36,市川(砂防),いちかわ,341061,広島市安佐北区,広島市安佐北区白木町大字市川字宮地山,34.535,132.59222222222223,,,,,,,,,,,,,
1,西部建設事務所,8705,広島県庁,8706,西部建設事務所,3,砂防課,87081000,太田川,,87081117,南原川,,87,堂免橋,どうめんばし,341061,広島市安佐北区,広島市安佐北区可部町上町屋,34.55722222222222,132.51611111111112,,,,,,,,,,,,,
1,西部建設事務所,22333,太田川河川事務所,8706,西部建設事務所,5,国土交通省,87081000,太田川,,87081117,南原川,,17,南原(国),なばら,341061,広島市安佐北区,広島市安佐北区可部町南原字無神477,34.55166666666666,132.51472222222222,,,,,,,,,,,,,
1,西部建設事務所,16195,広島地方気象台,8706,西部建設事務所,9,気象台,87081000,太田川,,87081000,石内川,山倉川,7292,三入(気),みいり ,341061,広島市安佐北区,広島市安佐北区三入,34.544999999999995,132.53,,,,,,,,,,,,,
1,西部建設事務所,22333,太田川河川事務所,8706,西部建設事務所,5,国土交通省,87081000,太田川,,87081022,鈴張川,,18,鈴張(国),すずはり,341061,広島市安佐北区,広島市安佐北区安佐町鈴張字戸木谷1567-4,34.58361111111111,132.46972222222223,,,,,,,,,,,,,
1,西部建設事務所,22333,太田川河川事務所,8706,西部建設事務所,5,国土交通省,87081000,太田川,,87081023,吉山川,,37,くすの木台(砂防),くすのきだい,341061,広島市安佐北区,広島市安佐北区安佐町大字くすの木台4-2,34.50527777777778,132.38666666666666,,,,,,,,,,,,,
1,西部建設事務所,22333,太田川河川事務所,8706,西部建設事務所,5,国土交通省,87081000,太田川,,87081024,小河内川,,33,小河内(砂防),おがうち,341061,広島市安佐北区,広島市安佐北区安佐町大字小河内字平原谷,34.55777777777777,132.40444444444444,,,,,,,,,,,,,
1,西部建設事務所,22333,太田川河川事務所,8706,西部建設事務所,5,国土交通省,87081000,太田川,,87081024,小河内川,,35,沢田(砂防),さわだ,341061,広島市安佐北区,広島市安佐北区安佐町大字小河内字西沢田,34.5575,132.40444444444444,,,,,,,,,,,,,
1,西部建設事務所,8705,広島県庁,8706,西部建設事務所,1,河川課,87700000,瀬野川,,87700613,瀬野川,,3,上瀬野,かみせの,341070,広島市安芸区,広島市安芸区上瀬野瀬野川公園内,34.42833333333333,132.63222222222223,,,,,,,,,,,,,
1,西部建設事務所,8705,広島県庁,8706,西部建設事務所,3,砂防課,87081000,太田川,,87081027,水内川,,97,菅沢,すがさわ,341088,広島市佐伯区,広島市佐伯区湯来町大字菅沢字向志割５３１番地地先,34.48111111111111,132.2588888888889,,,,,,,,,,,,,
1,西部建設事務所,16195,広島地方気象台,8706,西部建設事務所,9,気象台,87081000,太田川,,87081027,水内川,,7351,佐伯湯来(気),さえきゆき,341088,広島市佐伯区,広島市佐伯区湯来町大字和田字中須賀,34.498333333333335,132.29,,,,,,,,,,,,,
1,西部建設事務所,22333,太田川河川事務所,8706,西部建設事務所,5,国土交通省,87081000,太田川,,87081027,水内川,,7,湯来(国),ゆき,341088,広島市佐伯区,広島市佐伯区湯来町大字麦谷字中河原1594-1,34.52444444444444,132.31555555555556,,,,,,,,,,,,,
1,西部建設事務所,22333,太田川河川事務所,8706,西部建設事務所,5,国土交通省,87081000,太田川,,87081027,水内川,,8,大谷(国),おおたに,341088,広島市佐伯区,広島市佐伯区湯来町大字多田字上大谷44-2,34.42861111111111,132.19805555555556,,,,,,,,,,,,,
1,西部建設事務所,22333,太田川河川事務所,8706,西部建設事務所,5,国土交通省,87082000,小瀬川,,87082017,玖島川,,66,赤土地(砂防),あかどち,341088,広島市佐伯区,広島市佐伯区湯来白砂字赤土地地先,34.4325,132.2497222222222,,,,,,,,,,,,,
1,西部建設事務所,8705,広島県庁,8706,西部建設事務所,3,砂防課,87701000,八幡川,,87701614,八幡川,,93,彩が丘,あやがおか,341088,広島市佐伯区,広島市佐伯区河内南２丁目１０番１号,34.410555555555554,132.3438888888889,,,,,,,,,,,,,
1,西部建設事務所,8705,広島県庁,8706,西部建設事務所,3,砂防課,87701000,八幡川,,87701614,八幡川,,94,杉並台,すぎなみだい,341088,広島市佐伯区,広島市佐伯区杉並台６４?１８,34.43194444444444,132.30055555555558,,,,,,,,,,,,,
1,西部建設事務所,8705,広島県庁,8706,西部建設事務所,2,河川課ダムG,87701000,八幡川,,87701614,八幡川,,66,魚切ダム,うおきりだむ,341088,広島市佐伯区,広島市佐伯区五日市町大字上河内上山之内トチガ谷９９８?７,34.42833333333333,132.33027777777778,,,,,,,,,,,,,
1,西部建設事務所,8705,広島県庁,8706,西部建設事務所,2,河川課ダムG,87701000,八幡川,,87701614,八幡川,,4,重光,しげみつ,341088,広島市佐伯区,広島市佐伯区湯来町大字白砂字下重光９７９?７,34.42972222222222,132.2861111111111,,,,,,,,,,,,,
1,西部建設事務所,8705,広島県庁,8706,西部建設事務所,3,砂防課,87701000,八幡川,,87701615,石内川,,95,五月が丘,さつきがおか,341088,広島市佐伯区,広島市佐伯区五月が丘２丁目２３?１,34.42027777777778,132.4052777777778,,,,,,,,,,,,,
1,西部建設事務所,22333,太田川河川事務所,8706,西部建設事務所,5,国土交通省,87701000,八幡川,,87081000,石内川,,64,石内(砂防),いしうち,341088,広島市佐伯区,広島市佐伯区五日市町大字石内字奥原3366-4,34.441111111111105,132.36138888888888,,,,,,,,,,,,,
1,西部建設事務所,8705,広島県庁,8706,西部建設事務所,2,河川課ダムG,87701000,八幡川,,87701616,梶毛川,,79,梶毛ダム,かじけだむ,341088,広島市佐伯区,広島市佐伯区五日市町大字石内,34.44083333333333,132.3775,,,,,,,,,,,,,
1,西部建設事務所,8705,広島県庁,8706,西部建設事務所,3,砂防課,87500000,単独河川,,87500785,岡ノ下川,,96,五日市観音,いつかいちかんのん,341088,広島市佐伯区,広島市佐伯区坪井３丁目８８,34.37916666666667,132.33916666666667,,,,,,,,,,,,,
1,西部建設事務所,8705,広島県庁,8706,西部建設事務所,3,砂防課,87081000,太田川,,87081035,八幡川,,98,揚倉山,あげくらやま,343021,府中町,安芸郡府中町山田５丁目５,34.394999999999996,132.525,,,,,,,,,,,,,
1,西部建設事務所,8705,広島県庁,8706,西部建設事務所,3,砂防課,87700000,瀬野川,,87700613,瀬野川,,99,海田,かいた,343048,海田町,安芸郡海田町幸町１０?１,34.36805555555556,132.54527777777778,,,,,,,,,,,,,
1,西部建設事務所,8705,広島県庁,8706,西部建設事務所,1,河川課,87702000,二河川,,87702609,二河川,,6,熊野町,くまのちょう,343072,熊野町,安芸郡熊野町３８１５?１　熊野町役場内,34.33888888888889,132.58277777777778,,,,,,,,,,,,,
1,西部建設事務所,8705,広島県庁,8706,西部建設事務所,3,砂防課,87500000,単独河川,,87500611,総頭川,,100,坂,さか,343099,坂町,安芸郡坂町２９１２,34.33833333333334,132.51666666666668,,,,,,,,,,,,,
1,廿日市支所,22333,太田川河川事務所,8708,廿日市支所,6,国ダム,87082000,小瀬川,,87082001,小瀬川,,53,弥栄ダム(国),やさかだむ,342114,大竹市,大竹市小方町小方813-1,34.23555555555556,132.1652777777778,,,,,,,,,,,,,
1,廿日市支所,8705,広島県庁,8708,廿日市支所,3,砂防課,87082000,小瀬川,,87082017,玖島川,,137,栗谷,くりたに,342114,大竹市,大竹市栗谷町小栗林字大木場２１７,34.308611111111105,132.1575,,,,,,,,,,,,,
1,廿日市支所,8705,広島県庁,8708,廿日市支所,3,砂防課,87999000,その他,,87999999,沿岸部,,138,大竹市,おおたけし,342114,大竹市,大竹市小方一丁目１１?１,34.238055555555555,132.22194444444446,,,,,,,,,,,,,
1,廿日市支所,16195,広島地方気象台,8708,廿日市支所,9,気象台,87999000,その他,,87999999,沿岸部,,7496,大竹(気),おおたけ,342114,大竹市,大竹市立戸,34.22166666666667,132.22,,,,,,,,,,,,,
1,廿日市支所,22333,太田川河川事務所,8708,廿日市支所,5,国土交通省,87999000,その他,,87999999,沿岸部,,70,湯船(砂防),ゆぶね,342114,大竹市,大竹市湯船町,34.253055555555555,132.2186111111111,,,,,,,,,,,,,
1,廿日市支所,8705,広島県庁,8708,廿日市支所,1,河川課,87081000,太田川,,87081001,太田川,,9,吉和,よしわ,342131,廿日市市,廿日市市吉和花原女鹿平８０２?２,34.4825,132.13416666666666,,,,,,,,,,,,,
1,廿日市支所,8705,広島県庁,8708,廿日市支所,3,砂防課,87082000,小瀬川,,87082001,小瀬川,,134,浅原,あさはら,342131,廿日市市,廿日市市浅原２６６２?３,34.343333333333334,132.13694444444442,,,,,,,,,,,,,
1,廿日市支所,8705,広島県庁,8708,廿日市支所,2,河川課ダムG,87082000,小瀬川,,87082001,小瀬川,,65,小瀬川ダム,おぜがわだむ,342131,廿日市市,廿日市市浅原字前中山１０３０?２７,34.30888888888889,132.1238888888889,,,,,,,,,,,,,
1,廿日市支所,8705,広島県庁,8708,廿日市支所,2,河川課ダムG,87082000,小瀬川,,87082001,小瀬川,,10,栗栖,くりす,342131,廿日市市,廿日市市栗栖字小浜２７１?４,34.375,132.13916666666665,,,,,,,,,,,,,
1,廿日市支所,22333,太田川河川事務所,8708,廿日市支所,6,国ダム,87082000,小瀬川,,87082001,小瀬川,,52,中道(国),なかみち,342131,廿日市市,廿日市市中道三島原,34.36805555555556,132.08583333333334,,,,,,,,,,,,,
1,廿日市支所,8705,広島県庁,8708,廿日市支所,3,砂防課,87082000,小瀬川,,87082017,玖島川,,135,友和,ゆうわ,342131,廿日市市,廿日市市友田１９,34.35861111111111,132.22666666666666,,,,,,,,,,,,,
1,廿日市支所,8705,広島県庁,8708,廿日市支所,3,砂防課,87082000,小瀬川,,87082017,玖島川,,131,玖島,くじま,342131,廿日市市,廿日市市玖島４３２３,34.39111111111111,132.25,,,,,,,,,,,,,
1,廿日市支所,22333,太田川河川事務所,8708,廿日市支所,5,国土交通省,87082000,小瀬川,,87082017,玖島川,,30,楢原(国),ならはら,342131,廿日市市,廿日市市玖島字楢原4323-1,34.39111111111111,132.25,,,,,,,,,,,,,
1,廿日市支所,8705,広島県庁,8708,廿日市支所,3,砂防課,87082000,小瀬川,,87082019,林川,,130,佐伯,さえき,342131,廿日市市,廿日市市津田１９８９,34.3675,132.17777777777778,,,,,,,,,,,,,
1,廿日市支所,16195,広島地方気象台,8708,廿日市支所,9,気象台,87082000,小瀬川,,87082019,林川,,7421,廿日市津田(気),はつかいちつた,342131,廿日市市,廿日市市津田,34.365,132.19,,,,,,,,,,,,,
1,廿日市支所,22333,太田川河川事務所,8708,廿日市支所,6,国ダム,87082000,小瀬川,,87082019,林川,,51,津田(国),つだ,342131,廿日市市,廿日市市津田850番地,34.37111111111111,132.19083333333333,,,,,,,,,,,,,
1,廿日市支所,8705,広島県庁,8708,廿日市支所,2,河川課ダムG,87701000,八幡川,,87701614,八幡川,木末川,5,後畑,うしろはた,342131,廿日市市,廿日市市大字原字北後畑２３７６?２,34.404444444444444,132.30666666666667,,,,,,,,,,,,,
1,廿日市支所,22333,太田川河川事務所,8708,廿日市支所,5,国土交通省,87888000,単独河川,,87888888,永慶寺川,,68,矢草(砂防),やくさ,342131,廿日市市,廿日市市大野矢草2734番地の1,34.33444444444444,132.26666666666668,,,,,,,,,,,,,
1,廿日市支所,22333,太田川河川事務所,8708,廿日市支所,5,国土交通省,87888000,単独河川,,87888888,永慶寺川,御手洗川,71,野貝原(砂防),のがいばら,342131,廿日市市,廿日市市原字川末125-1,34.37305555555555,132.27666666666667,,,,,,,,,,,,,
1,廿日市支所,8705,広島県庁,8708,廿日市支所,3,砂防課,87500000,単独河川,,87500625,可愛川,,136,原,はら,342131,廿日市市,廿日市市原４３９?２,34.37,132.3052777777778,,,,,,,,,,,,,
1,廿日市支所,8705,広島県庁,8708,廿日市支所,1,河川課,87999000,その他,,87999999,沿岸部,,12,廿日市支所,はつかいちししょ,342131,廿日市市,廿日市市桜尾本町１１?１　西部建設事務所廿日市支所内,34.35722222222223,132.34305555555557,,,,,,,,,,,,,
1,廿日市支所,8705,広島県庁,8708,廿日市支所,1,河川課,87999000,その他,,87999999,沿岸部,,13,大野,おおの,342131,廿日市市,廿日市市大野１?１?１　廿日市市役所大野支所内,34.28666666666666,132.27555555555557,,,,,,,,,,,,,
1,廿日市支所,8705,広島県庁,8708,廿日市支所,3,砂防課,87999000,その他,,87999999,沿岸部,,132,馬の口,うまのくち,342131,廿日市市,廿日市市大野町字馬の口２６４５?１,34.30222222222222,132.23499999999999,,,,,,,,,,,,,
1,廿日市支所,8705,広島県庁,8708,廿日市支所,3,砂防課,87999000,その他,,87999999,沿岸部,,133,宮島町,みやじまちょう,342131,廿日市市,廿日市市宮島町１１７０?２,34.29611111111111,132.3125,,,,,,,,,,,,,
1,廿日市支所,8705,広島県庁,8708,廿日市支所,3,砂防課,87999000,その他,,87999999,沿岸部,,208,八坂,はっさか,342131,廿日市市,廿日市市八坂１?１２,34.26833333333333,132.24666666666664,,,,,,,,,,,,,
1,廿日市支所,8705,広島県庁,8708,廿日市支所,3,砂防課,87999000,その他,,87999999,沿岸部,,209,中山,なかやま,342131,廿日市市,廿日市市大野２１３?１,34.321111111111115,132.28722222222223,,,,,,,,,,,,,
1,廿日市支所,8705,広島県庁,8708,廿日市支所,3,砂防課,87999000,その他,,87999999,沿岸部,,210,矢草北,やぐさきた,342131,廿日市市,廿日市市大野２７３４?１,34.33416666666667,132.27,,,,,,,,,,,,,
1,廿日市支所,8705,広島県庁,8708,廿日市支所,3,砂防課,87999000,その他,,87999999,沿岸部,,211,矢草南,やぐさみなみ,342131,廿日市市,廿日市市大野２７２５?１０,34.32777777777778,132.26166666666666,,,,,,,,,,,,,
1,廿日市支所,8705,広島県庁,8708,廿日市支所,3,砂防課,87999000,その他,,87999999,沿岸部,,212,奴メリ谷,ぬめりたに,342131,廿日市市,廿日市市大野１９７２?１３４,34.295833333333334,132.20472222222222,,,,,,,,,,,,,
1,廿日市支所,22333,太田川河川事務所,8708,廿日市支所,5,国土交通省,87999000,その他,,87999999,沿岸部,,67,地御前(砂防),じごぜん,342131,廿日市市,廿日市市宮内877-2,34.337500000000006,132.3052777777778,,,,,,,,,,,,,
1,西部建設事務所,8705,広島県庁,8706,西部建設事務所,1,河川課,87999000,その他,,87999999,沿岸部,,14,大柿町,おおがきちょう,342157,江田島市,江田島市大柿町大原１２７４?３,34.172777777777775,132.46166666666664,,,,,,,,,,,,,
1,西部建設事務所,8705,広島県庁,8706,西部建設事務所,3,砂防課,87999000,その他,,87999999,沿岸部,,101,秋月,あきづき,342157,江田島市,江田島市江田島町秋月二丁目５２７２?３,34.22833333333333,132.49138888888888,,,,,,,,,,,,,
1,西部建設事務所,8705,広島県庁,8706,西部建設事務所,3,砂防課,87999000,その他,,87999999,沿岸部,,102,中町,なかまち,342157,江田島市,江田島市能美町中町２３３２,34.221111111111114,132.43861111111113,,,,,,,,,,,,,
1,西部建設事務所,8705,広島県庁,8706,西部建設事務所,3,砂防課,87999000,その他,,87999999,沿岸部,,103,高祖,こうそ,342157,江田島市,江田島市沖美町高祖１０９?４９,34.25972222222222,132.40083333333334,,,,,,,,,,,,,
1,呉支所,8705,広島県庁,8707,呉支所,1,河川課,87702000,二河川,,87702609,二河川,,7,呉支所,くれししょ,342025,呉市,呉市西中央１?３?２５　西部建設事務所呉支所内,34.246944444444445,132.55611111111114,,,,,,,,,,,,,
1,呉支所,16195,広島地方気象台,8707,呉支所,9,気象台,87702000,二河川,,87702609,二河川,,7511,呉(気),くれ,342025,呉市,呉市宝町　呉特別地域気象観測所34,34.24,132.55,,,,,,,,,,,,,
1,呉支所,8705,広島県庁,8707,呉支所,3,砂防課,87702000,二河川,,87702609,二河川,,113,焼山,やけやま,342025,呉市,呉市焼山宮ヶ迫１丁目３?１,34.29805555555556,132.5538888888889,,,,,,,,,,,,,
1,呉支所,8705,広島県庁,8707,呉支所,3,砂防課,87825000,堺川,,87825001,堺川,,115,呉,くれ,342025,呉市,呉市東畑２丁目７?３８,34.25388888888889,132.58694444444444,,,,,,,,,,,,,
1,呉支所,8705,広島県庁,8707,呉支所,3,砂防課,87297000,黒瀬川,,87297011,黒瀬川,,109,広,ひろ,342025,呉市,呉市広中迫町４の１,34.24666666666667,132.62944444444446,,,,,,,,,,,,,
1,呉支所,8705,広島県庁,8707,呉支所,3,砂防課,87297000,黒瀬川,,87297012,長谷川,,114,郷原,ごうはら,342025,呉市,呉市郷原町１５８４番地の１,34.30027777777777,132.63472222222222,,,,,,,,,,,,,
1,呉支所,8705,広島県庁,8707,呉支所,2,河川課ダムG,87705000,野呂川,,87705606,野呂川,,31,野呂川ダム,のろがわ,342025,呉市,呉市安浦町大字中畑６４１?１１,34.28916666666667,132.70999999999998,,,,,,,,,,,,,
1,呉支所,8705,広島県庁,8707,呉支所,3,砂防課,87705000,野呂川,,87705607,中畑川,,129,内海,うちのうみ,342025,呉市,呉市安浦町大字内海１３１,34.28194444444444,132.7408333333333,,,,,,,,,,,,,
1,呉支所,8705,広島県庁,8707,呉支所,3,砂防課,87999000,その他,,87999999,沿岸部,,124,蒲刈大浦,かまがりおおうら,342025,呉市,呉市蒲刈町大浦１３４７,34.17777777777778,132.74916666666667,,,,,,,,,,,,,
1,呉支所,8705,広島県庁,8707,呉支所,3,砂防課,87999000,その他,,87999999,沿岸部,,128,豊島,とよしま,342025,呉市,呉市豊浜町大字豊島３６９０,34.17472222222222,132.79638888888888,,,,,,,,,,,,,
1,呉支所,8705,広島県庁,8707,呉支所,1,河川課,87999000,その他,,87999999,沿岸部,,8,蒲刈町,かまがりちょう,342025,呉市,呉市蒲刈町宮盛１?２,34.197222222222216,132.73250000000002,,,,,,,,,,,,,
1,呉支所,8705,広島県庁,8707,呉支所,3,砂防課,87999000,その他,,87999999,沿岸部,,110,小坪,こつぼ,342025,呉市,呉市広小坪一丁目２４?１,34.20805555555556,132.63416666666666,,,,,,,,,,,,,
1,呉支所,8705,広島県庁,8707,呉支所,3,砂防課,87999000,その他,,87999999,沿岸部,,111,仁方,にがた,342025,呉市,呉市仁方本町一丁目６?６,34.22277777777778,132.65305555555557,,,,,,,,,,,,,
1,呉支所,8705,広島県庁,8707,呉支所,3,砂防課,87999000,その他,,87999999,沿岸部,,112,警固屋,けごや,342025,呉市,呉市見晴一丁目,34.2,132.54666666666665,,,,,,,,,,,,,
1,呉支所,8705,広島県庁,8707,呉支所,3,砂防課,87999000,その他,,87999999,沿岸部,,118,波多見,はたみ,342025,呉市,呉市音戸町波多見９?１１?１,34.17583333333333,132.54611111111112,,,,,,,,,,,,,
1,呉支所,8705,広島県庁,8707,呉支所,3,砂防課,87999000,その他,,87999999,沿岸部,,120,宇和木,うわぎ,342025,呉市,呉市倉橋町５９２６?２,34.12916666666667,132.49888888888887,,,,,,,,,,,,,
1,呉支所,8705,広島県庁,8707,呉支所,3,砂防課,87999000,その他,,87999999,沿岸部,,123,田戸,たど,342025,呉市,呉市蒲刈町田戸大字十年,34.1975,132.725,,,,,,,,,,,,,
1,呉支所,8705,広島県庁,8707,呉支所,3,砂防課,87999000,その他,,87999999,沿岸部,,125,下蒲刈,しもかまがり,342025,呉市,呉市下蒲刈町下島２１１９,34.19305555555555,132.67777777777778,,,,,,,,,,,,,
1,呉支所,8705,広島県庁,8707,呉支所,3,砂防課,87999000,その他,,87999999,沿岸部,,126,大長,おおちょう,342025,呉市,呉市豊町大長６８１５?２,34.18583333333333,132.855,,,,,,,,,,,,,
1,呉支所,8705,広島県庁,8707,呉支所,3,砂防課,87999000,その他,,87999999,沿岸部,,117,川尻,かわじり,342025,呉市,呉市川尻町原山二丁目５４５０?４,34.24111111111111,132.68333333333334,,,,,,,,,,,,,
1,呉支所,8705,広島県庁,8707,呉支所,3,砂防課,87999000,その他,,87999999,沿岸部,,127,斎島,いつきしま,342025,呉市,呉市豊浜町斎島,34.119166666666665,132.79333333333332,,,,,,,,,,,,,
1,呉支所,8705,広島県庁,8707,呉支所,3,砂防課,87999000,その他,,87999999,沿岸部,,121,尾曽郷,おそごう,342025,呉市,呉市倉橋町尾曽郷,34.093333333333334,132.49916666666667,,,,,,,,,,,,,
1,呉支所,8705,広島県庁,8707,呉支所,3,砂防課,87999000,その他,,87999999,沿岸部,,122,室尾,むろお,342025,呉市,呉市倉橋町１１１６?１,34.1,132.54055555555556,,,,,,,,,,,,,
1,呉支所,8705,広島県庁,8707,呉支所,3,砂防課,87999000,その他,,87999999,沿岸部,,116,天応,てんのう,342025,呉市,呉市天応大浜二丁目１?６４,34.2875,132.51583333333335,,,,,,,,,,,,,
1,呉支所,8705,広島県庁,8707,呉支所,3,砂防課,87999000,その他,,87999999,沿岸部,,119,田原,たはら,342025,呉市,呉市音戸町渡子３?１６?１,34.18666666666666,132.50722222222223,,,,,,,,,,,,,
1,呉支所,16195,広島地方気象台,8707,呉支所,9,気象台,87999000,その他,,87999999,沿岸部,,7566,倉橋(気),くらはし,342025,呉市,呉市倉橋町本浦,34.10333333333333,132.50333333333333,,,,,,,,,,,,,
1,呉支所,16195,広島地方気象台,8707,呉支所,9,気象台,87999000,その他,,87999999,沿岸部,,7576,呉市蒲刈(気),くれしかまがり,342025,呉市,呉市蒲刈町大浦字前沖浦,34.165,132.7483333333333,,,,,,,,,,,,,
1,東広島支所,8705,広島県庁,8710,東広島支所,3,砂防課,87707000,賀茂川,,87707604,賀茂川,,160,新庄,しんじょう,342033,竹原市,竹原市新庄町町田１９８１?２,34.384166666666665,132.89055555555555,,,,,,,,,,,,,
1,東広島支所,8705,広島県庁,8710,東広島支所,1,河川課,87707000,賀茂川,,87707604,賀茂川,,33,竹原,たけはら,342033,竹原市,竹原市竹原町吉崎,34.33527777777778,132.90055555555557,,,,,,,,,,,,,
1,東広島支所,8705,広島県庁,8710,東広島支所,2,河川課ダムG,87707000,賀茂川,,87707604,賀茂川,,70,仁賀ダム,にかだむ,342033,竹原市,竹原市仁賀町,34.37694444444445,132.8427777777778,,,,,,,,,,,,,
1,東広島支所,8705,広島県庁,8710,東広島支所,3,砂防課,87707000,賀茂川,,87707605,田万里川,,161,田万里,たまり,342033,竹原市,竹原市田万里町１２４１番地,34.40861111111111,132.83916666666667,,,,,,,,,,,,,
1,東広島支所,8705,広島県庁,8710,東広島支所,3,砂防課,87296000,沼田川,,87296014,尾原川,,162,小梨,おなし,342033,竹原市,竹原市小梨町字横走１８８７?２,34.370555555555555,132.91416666666666,,,,,,,,,,,,,
1,東広島支所,16195,広島地方気象台,8710,東広島支所,9,気象台,87999000,その他,,87999999,沿岸部,,7461,竹原(気),たけはら,342033,竹原市,竹原市忠海町,34.330000000000005,132.98166666666665,,,,,,,,,,,,,
1,東広島支所,16195,広島地方気象台,8710,東広島支所,9,気象台,87081000,太田川,,87081000,石内川,関川,7371,志和(気),しわ,342122,東広島市,東広島市志和町志和堀,34.498333333333335,132.66,,,,,,,,,,,,,
1,東広島支所,8705,広島県庁,8710,東広島支所,3,砂防課,87081000,太田川,,87081127,東川,,155,志和東,しわひがし,342122,東広島市,東広島市志和町志和東六日市８１０?１番地先,34.488055555555555,132.67694444444444,,,,,,,,,,,,,
1,東広島支所,8705,広島県庁,8710,東広島支所,3,砂防課,87075000,江の川,,87075238,敷地川,,159,吉原,よしわら,342122,東広島市,東広島市豊栄町吉原兼石１０９４番地先,34.60305555555556,132.85305555555556,,,,,,,,,,,,,
1,東広島支所,8705,広島県庁,8710,東広島支所,3,砂防課,87297000,黒瀬川,,87297011,黒瀬川,,157,郷曽,ごうそ,342122,東広島市,東広島市西条町郷曽今田,34.382222222222225,132.72083333333333,,,,,,,,,,,,,
1,東広島支所,8705,広島県庁,8710,東広島支所,1,河川課,87297000,黒瀬川,,87297011,黒瀬川,,24,篠,ささ,342122,東広島市,東広島市八本松町大字篠地内,34.476111111111116,132.72444444444446,,,,,,,,,,,,,
1,東広島支所,8705,広島県庁,8710,東広島支所,1,河川課,87297000,黒瀬川,,87297114,神洗川,,23,黒瀬町,くろせちょう,342122,東広島市,東広島市黒瀬町字丸山１３３３　東広島市役所黒瀬支所内,34.324444444444445,132.67666666666665,,,,,,,,,,,,,
1,東広島支所,8705,広島県庁,8710,東広島支所,1,河川課,87297000,黒瀬川,,87297118,古河川,,25,吉川,よしかわ,342122,東広島市,東広島市八本松町大字吉川,34.39694444444444,132.67666666666665,,,,,,,,,,,,,
1,東広島支所,8705,広島県庁,8710,東広島支所,1,河川課,87297000,黒瀬川,,87297201,半尾川,,22,東広島支所,ひがしひろしまししょ,342122,東広島市,東広島市西条昭和町１３?１０　西部建設事務所東広島支所内,34.42527777777777,132.7436111111111,,,,,,,,,,,,,
1,東広島支所,16195,広島地方気象台,8710,東広島支所,9,気象台,87297000,黒瀬川,,87297000,番蔵川,,7376,東広島(気),ひがしひろしま,342122,東広島市,東広島市八本松町原,34.416666666666664,132.7,,,,,,,,,,,,,
1,東広島支所,8705,広島県庁,8710,東広島支所,1,河川課,87297000,黒瀬川,,87297200,三永川,,26,下三永,しもみなが,342122,東広島市,東広島市西条町大字下三永,34.39694444444444,132.7688888888889,,,,,,,,,,,,,
1,東広島支所,8705,広島県庁,8710,東広島支所,1,河川課,87296000,沼田川,,87296016,椋梨川,,27,河内,こうち,342122,東広島市,東広島市河内町大字中河内字室木１３１８,34.471944444444446,132.89194444444445,,,,,,,,,,,,,
1,東広島支所,16195,広島地方気象台,8710,東広島支所,9,気象台,87296000,沼田川,,87296016,椋梨川,,7306,安宿(気),あすか,342122,東広島市,東広島市豊栄町安宿300番1,34.56666666666667,132.83833333333334,,,,,,,,,,,,,
1,東広島支所,8705,広島県庁,8710,東広島支所,2,河川課ダムG,87296000,沼田川,,87296016,椋梨川,,67,椋梨ダム,むくなしだむ,342122,東広島市,東広島市河内町大字小田字内ヶ平１４７０?３,34.5025,132.89333333333332,,,,,,,,,,,,,
1,東広島支所,8705,広島県庁,8710,東広島支所,2,河川課ダムG,87296000,沼田川,,87296016,椋梨川,,29,乃美,のみ,342122,東広島市,東広島市豊栄町大字鍛冶屋字仲山３４１,34.56805555555556,132.82777777777778,,,,,,,,,,,,,
1,東広島支所,8705,広島県庁,8710,東広島支所,3,砂防課,87296000,沼田川,,87296018,胡麻川,,156,高美が丘,たかみがおか,342122,東広島市,東広島市高屋高美が丘一丁目,34.4575,132.7925,,,,,,,,,,,,,
1,東広島支所,8705,広島県庁,8710,東広島支所,2,河川課ダムG,87296000,沼田川,,87296202,造賀川,,28,造賀,そうが,342122,東広島市,東広島市高屋町大字造賀甲１９?１４,34.48527777777778,132.76222222222222,,,,,,,,,,,,,
1,東広島支所,8705,広島県庁,8710,東広島支所,3,砂防課,87296000,沼田川,,87296019,谷河内川,,158,久芳,くば,342122,東広島市,東広島市福富町久芳金口１５３９?３,34.53583333333333,132.7788888888889,,,,,,,,,,,,,
1,東広島支所,8705,広島県庁,8710,東広島支所,2,河川課ダムG,87296000,沼田川,,87296019,谷河内川,,146,福富ダム,ふくとみだむ,342122,東広島市,東広島市福富町久芳,34.530277777777776,132.77722222222224,,,,,,,,,,,,,
1,東広島支所,8705,広島県庁,8710,東広島支所,1,河川課,87999000,その他,,87506753,三津大川,,32,三津,みつ,342122,東広島市,東広島市安芸津町大字三津２６３５地先,34.32916666666667,132.8175,,,,,,,,,,,,,
1,東広島支所,8705,広島県庁,8710,東広島支所,3,砂防課,87500000,単独河川,,87506753,三津大川,,154,岩伏,いわぶし,342122,東広島市,東広島市安芸津町岩伏,34.35777777777778,132.81583333333336,,,,,,,,,,,,,
1,東広島支所,8705,広島県庁,8710,東広島支所,1,河川課,87999000,その他,,87999999,沿岸部,,34,大崎町,おおさきちょう,344311,大崎上島町,豊田郡大崎上島町中野２０６７?１　大崎上島町役場大崎支所,34.24194444444444,132.88944444444445,,,,,,,,,,,,,
1,東広島支所,8705,広島県庁,8710,東広島支所,3,砂防課,87999000,その他,,87999999,沿岸部,,163,上組,かみぐみ,344311,大崎上島町,豊田郡大崎上島町東野下中垣内３４２４，３４２５番地,34.257777777777775,132.9163888888889,,,,,,,,,,,,,
1,東広島支所,8705,広島県庁,8710,東広島支所,3,砂防課,87999000,その他,,87999999,沿岸部,,164,明石,あかし,344311,大崎上島町,豊田郡大崎上島町沖浦字水野元１２７番地,34.21,132.88444444444443,,,,,,,,,,,,,
1,三原支所,8705,広島県庁,8712,三原支所,2,河川課ダムG,87080000,芦田川,,87080020,御調川,,44,江木,えぎ,342041,三原市,三原市久井町大字江木字石田１４１３?５,34.54333333333333,133.03111111111113,,,,,,,,,,,,,
1,三原支所,8705,広島県庁,8712,三原支所,2,河川課ダムG,87080000,芦田川,,87080005,野間川,,206,野間川ダム,のまがわだむ,342041,三原市,三原市久井町吉田,34.529444444444444,133.06833333333333,,,,,,,,,,,,,
1,三原支所,8705,広島県庁,8712,三原支所,3,砂防課,87080000,芦田川,,87080209,大谷川,,179,吉田,よしだ,342041,三原市,三原市久井町吉田３８５?４,34.54833333333333,133.07166666666666,,,,,,,,,,,,,
1,三原支所,8705,広島県庁,8712,三原支所,1,河川課,87296000,沼田川,,87296001,沼田川,,38,三原支所,みはらししょ,342041,三原市,三原市円一町２?４?１　東部建設事務所三原支所内,34.39361111111111,133.0775,,,,,,,,,,,,,
1,三原支所,8705,広島県庁,8712,三原支所,1,河川課,87296000,沼田川,,87296011,天井川,,35,甲原,きねはら,342041,三原市,三原市小泉町甲原甲原橋東詰,34.36944444444445,132.97611111111112,,,,,,,,,,,,,
1,三原支所,8705,広島県庁,8712,三原支所,3,砂防課,87296000,沼田川,,87296011,天井川,,177,末光,すえみつ,342041,三原市,三原市沼田東町末光,34.3775,133.0277777777778,,,,,,,,,,,,,
1,三原支所,8705,広島県庁,8712,三原支所,1,河川課,87296000,沼田川,,87296204,善入寺川,,36,本谷,ほんたに,342041,三原市,三原市本郷町本谷観音寺前,34.42472222222222,132.91833333333332,,,,,,,,,,,,,
1,三原支所,16195,広島地方気象台,8712,三原支所,9,気象台,87296000,沼田川,,87296204,善入寺川,,7386,本郷(気),ほんごう,342041,三原市,三原市本郷町善入寺平岩　広島空港出張所,34.434999999999995,132.91833333333332,,,,,,,,,,,,,
1,三原支所,8705,広島県庁,8712,三原支所,1,河川課,87296000,沼田川,,87296200,菅川,,37,菅川橋,すげかわばし,342041,三原市,三原市本郷町大字船木字佐用沖２５１３番地先,34.42944444444444,132.98,,,,,,,,,,,,,
1,三原支所,8705,広島県庁,8712,三原支所,3,砂防課,87296000,沼田川,,87296016,椋梨川,,175,和木,わぎ,342041,三原市,三原市大和町和木４５０番地内,34.50888888888889,132.92222222222222,,,,,,,,,,,,,
1,三原支所,8705,広島県庁,8712,三原支所,2,河川課ダムG,87296000,沼田川,,87296117,徳良川,,30,下徳良,しもとくら,342041,三原市,三原市大和町大字下徳良字陰地５３?１,34.540277777777774,132.95138888888889,,,,,,,,,,,,,
1,三原支所,8705,広島県庁,8712,三原支所,3,砂防課,87500000,単独河川,,87500782,西野川,,176,西野,にしの,342041,三原市,三原市西野町大西,34.405833333333334,133.0588888888889,,,,,,,,,,,,,
1,三原支所,8705,広島県庁,8712,三原支所,3,砂防課,87999000,その他,,87999999,沿岸部,,178,須波,すなみ,342041,三原市,三原市鷺浦町須波,34.3525,133.11333333333332,,,,,,,,,,,,,
1,三原支所,8705,広島県庁,8712,三原支所,3,砂防課,87080000,芦田川,,87080020,御調川,,180,高尾,たかお,342050,尾道市,尾道市御調町高尾,34.518055555555556,133.13722222222222,,,,,,,,,,,,,
1,三原支所,8705,広島県庁,8712,三原支所,2,河川課ダムG,87080000,芦田川,,87080020,御調川,,42,御調,みつぎ,342050,尾道市,尾道市御調町大字津蟹字西垣内１２７?３　監視制御所,34.50138888888889,133.07638888888889,,,,,,,,,,,,,
1,三原支所,22327,福山河川国道事務所,8712,三原支所,5,国土交通省,87080000,芦田川,,87080000,河手川,八幡川,11,御調(国),みつぎ,342050,尾道市,尾道市御調町丸門田1491-4,34.495,133.11527777777778,,,,,,,,,,,,,
1,三原支所,8705,広島県庁,8712,三原支所,1,河川課,87708000,藤井川,,87708615,藤井川,,40,美之郷,みのごう,342050,尾道市,尾道市美ノ郷町中野寺前橋西詰,34.44777777777777,133.15805555555556,,,,,,,,,,,,,
1,三原支所,8705,広島県庁,8712,三原支所,1,河川課,87709000,本郷川,,87709603,小原川,,41,梶山田,かじやまだ,342050,尾道市,尾道市原田町梶山田６６番地,34.49527777777778,133.21416666666664,,,,,,,,,,,,,
1,三原支所,8705,広島県庁,8712,三原支所,1,河川課,87999000,その他,,87999999,沿岸部,,39,因島,いんのしま,342050,尾道市,尾道市因島土生町７?４　尾道市役所因島総合支所内,34.294444444444444,133.16944444444442,,,,,,,,,,,,,
1,三原支所,8705,広島県庁,8712,三原支所,3,砂防課,87999000,その他,,87999999,沿岸部,,181,外浦,とのうら,342050,尾道市,尾道市因島外浦町９３３?１,34.33083333333334,133.18694444444444,,,,,,,,,,,,,
1,三原支所,8705,広島県庁,8712,三原支所,3,砂防課,87999000,その他,,87999999,沿岸部,,182,林,はやし,342050,尾道市,尾道市瀬戸田町林１３３０?４,34.305,133.10555555555555,,,,,,,,,,,,,
1,三原支所,8705,広島県庁,8712,三原支所,3,砂防課,87999000,その他,,87999999,沿岸部,,183,有井,ありい,342050,尾道市,尾道市向島町有井,34.38166666666667,133.18333333333334,,,,,,,,,,,,,
1,三原支所,16195,広島地方気象台,8712,三原支所,9,気象台,87999000,その他,,87999999,沿岸部,,7471,生口島(気),いくちじま,342050,尾道市,尾道市瀬戸田町御寺,34.27833333333333,133.12333333333333,,,,,,,,,,,,,
1,東部建設事務所,8705,広島県庁,8711,東部建設事務所,4,農業基盤課,87080000,芦田川,,87080001,芦田川,,45,七社,ななやしろ,342076,福山市,福山市駅家町下山守３７８?２,34.528055555555554,133.34361111111113,,,,,,,,,,,,,
1,東部建設事務所,22327,福山河川国道事務所,8711,東部建設事務所,5,国土交通省,87080000,芦田川,,87080001,芦田川,,4,箕島(国),みのしま,342076,福山市,福山市箕島町釣ヶ端山　367-3,34.42972222222222,133.4052777777778,,,,,,,,,,,,,
1,東部建設事務所,8705,広島県庁,8711,東部建設事務所,3,砂防課,87080000,芦田川,,87080205,瀬戸川,,165,瀬戸,せと,342076,福山市,福山市瀬戸町長和嫁田４３７?１,34.48361111111111,133.33333333333334,,,,,,,,,,,,,
1,東部建設事務所,22327,福山河川国道事務所,8711,東部建設事務所,5,国土交通省,87080000,芦田川,,87080000,河手川,,5,大谷山(国),おおたにやま,342076,福山市,福山市芦田町大字福田字新庄南平377-2,34.50083333333333,133.2752777777778,,,,,,,,,,,,,
1,東部建設事務所,8705,広島県庁,8711,東部建設事務所,3,砂防課,87080000,芦田川,,87080004,論田川,,168,田尻,たじり,342076,福山市,福山市田尻町,34.41972222222222,133.37444444444446,,,,,,,,,,,,,
1,東部建設事務所,22327,福山河川国道事務所,8711,東部建設事務所,5,国土交通省,87080000,芦田川,,87080012,高屋川,,12,神辺(国),かんなべ,342076,福山市,福山市神辺町字上御領野々上1807-4,34.573888888888895,133.41833333333332,,,,,,,,,,,,,
1,東部建設事務所,8705,広島県庁,8711,東部建設事務所,1,河川課,87080000,芦田川,,87080117,加茂川,,46,加茂,かも,342076,福山市,福山市加茂町芦原字出雲８１５?２地先,34.58861111111111,133.3563888888889,,,,,,,,,,,,,
1,東部建設事務所,8705,広島県庁,8711,東部建設事務所,2,河川課ダムG,87080000,芦田川,,87080013,四川,,76,四川,しかわ,342076,福山市,福山市加茂町字北山,34.599722222222226,133.33805555555557,,,,,,,,,,,,,
1,東部建設事務所,8705,広島県庁,8711,東部建設事務所,3,砂防課,87080000,芦田川,,87080018,中溝川,,170,古市,ふるいち,342076,福山市,福山市神辺町大字川北,34.54666666666667,133.38805555555555,,,,,,,,,,,,,
1,東部建設事務所,22327,福山河川国道事務所,8711,東部建設事務所,5,国土交通省,87080000,芦田川,,87080014,服部川,,13,駅家(国),えきや,342076,福山市,福山市駅家町大字服部本郷486-2,34.60027777777778,133.31194444444446,,,,,,,,,,,,,
1,東部建設事務所,8705,広島県庁,8711,東部建設事務所,1,河川課,87080000,芦田川,,87080017,神谷川,,47,上安井,かみやすい,342076,福山市,福山市新市町大字上安井２?４地先,34.588055555555556,133.2686111111111,,,,,,,,,,,,,
1,東部建設事務所,8705,広島県庁,8711,東部建設事務所,3,砂防課,87079000,高梁川,,87079012,小田川,,169,山野,やまの,342076,福山市,福山市山野町山野,34.65416666666667,133.39138888888888,,,,,,,,,,,,,
1,東部建設事務所,8705,広島県庁,8711,東部建設事務所,3,砂防課,87708000,藤井川,,87708615,藤井川,,166,南松永,みなみまつなが,342076,福山市,福山市南松永町４丁目３０,34.42972222222222,133.25083333333333,,,,,,,,,,,,,
1,東部建設事務所,16195,広島地方気象台,8711,東部建設事務所,9,気象台,87709000,本郷川,,87709000,本郷川,,7401,福山(気),ふくやま,342076,福山市,福山市松永町　福山特別地域気象観測所,34.446666666666665,133.24666666666664,,,,,,,,,,,,,
1,東部建設事務所,8705,広島県庁,8711,東部建設事務所,1,河川課,87710000,山南川,,87710601,山南川,,48,沼隈町,ぬまくまちょう,342076,福山市,福山市沼隈町大字草深１８８９?６,34.390277777777776,133.31805555555556,,,,,,,,,,,,,
1,東部建設事務所,8705,広島県庁,8711,東部建設事務所,1,河川課,87999000,その他,,87999999,沿岸部,,49,東部建設,とうぶけんせつ,342076,福山市,福山市三吉町１?１?１　東部建設事務所内,34.49388888888889,133.3725,,,,,,,,,,,,,
1,東部建設事務所,8705,広島県庁,8711,東部建設事務所,3,砂防課,87999000,その他,,87999999,沿岸部,,167,大浦,おおうら,342076,福山市,福山市内海町大浦乙７８１,34.36888888888889,133.30722222222224,,,,,,,,,,,,,
1,東部建設事務所,22327,福山河川国道事務所,8711,東部建設事務所,5,国土交通省,87999000,その他,,87999999,沿岸部,,2,福山(国),ふくやま,342076,福山市,福山市三吉町4-4-13,34.49583333333334,133.3763888888889,,,,,,,,,,,,,
1,東部建設事務所,8705,広島県庁,8711,東部建設事務所,1,河川課,87075000,江の川,,87075241,上下川,,78,二森,ふたもり,342084,府中市,府中市上下町二森字下陰地２０?１地先,34.70277777777778,133.13722222222222,,,,,,,,,,,,,
1,東部建設事務所,16195,広島地方気象台,8711,東部建設事務所,9,気象台,87075000,江の川,,87075241,上下川,,7251,上下(気),じょうげ,342084,府中市,府中市上下町上下,34.69333333333333,133.11666666666667,,,,,,,,,,,,,
1,東部建設事務所,16195,広島地方気象台,8711,東部建設事務所,9,気象台,87080000,芦田川,,87080001,芦田川,,7326,府中(気),ふちゅう,342084,府中市,府中市土生町,34.56166666666666,133.23166666666665,,,,,,,,,,,,,
1,東部建設事務所,22327,福山河川国道事務所,8711,東部建設事務所,5,国土交通省,87080000,芦田川,,87080001,芦田川,,1,府中(国),ふちゅう,342084,府中市,府中市府川町,34.564166666666665,133.2361111111111,,,,,,,,,,,,,
1,東部建設事務所,8705,広島県庁,8711,東部建設事務所,3,砂防課,87080000,芦田川,,87080020,御調川,,171,羽高,はだか,342084,府中市,府中市諸毛町羽高３０００,34.56055555555555,133.1663888888889,,,,,,,,,,,,,
1,東部建設事務所,22327,福山河川国道事務所,8711,東部建設事務所,6,国ダム,87080000,芦田川,,87080024,矢多田川,,15,古城(国),こじょう,342084,府中市,府中市上下町大字矢多田字豆栗1024-4,34.65,133.14555555555555,,,,,,,,,,,,,
1,三原支所,22328,三次河川国道事務所,8712,三原支所,5,国土交通省,87075000,江の川,,87075049,馬洗川,,13,津名(国),つな,344621,世羅町,世羅郡世羅町西町大字下津田字町屋林393-3,34.66138888888889,132.91694444444443,,,,,,,,,,,,,
1,三原支所,8705,広島県庁,8712,三原支所,3,砂防課,87075000,江の川,,87075233,美波羅川,,184,黒川,くろがわ,344621,世羅町,世羅郡世羅町大字黒川５２７?１７,34.64361111111111,132.89805555555554,,,,,,,,,,,,,
1,三原支所,8705,広島県庁,8712,三原支所,1,河川課,87075000,江の川,,87075273,水別川,,51,安田,やすだ,344621,世羅町,世羅郡世羅町大字安田字五反田２８９７地先,34.638333333333335,133.00722222222223,,,,,,,,,,,,,
1,三原支所,8705,広島県庁,8712,三原支所,4,農業基盤課,87080000,芦田川,,87080001,芦田川,,52,甲山,こうざん,344621,世羅町,世羅郡世羅町西上原宮田垣内１０７?１,34.584722222222226,133.05805555555557,,,,,,,,,,,,,
1,三原支所,8705,広島県庁,8712,三原支所,4,農業基盤課,87080000,芦田川,,87080001,芦田川,,53,三川,みかわ,344621,世羅町,世羅郡世羅町伊尾城ヶ平６６５?４,34.615,133.10555555555555,,,,,,,,,,,,,
1,三原支所,8705,広島県庁,8712,三原支所,4,農業基盤課,87080000,芦田川,,87080001,芦田川,,68,賀茂,かも,344621,世羅町,世羅郡世羅町賀茂正田２６６０?１,34.57888888888889,132.97583333333333,,,,,,,,,,,,,
1,三原支所,22327,福山河川国道事務所,8712,三原支所,6,国ダム,87080000,芦田川,,87080001,芦田川,,7,賀茂(国),かも,344621,世羅町,世羅郡世羅町大字賀茂字東坊362-2,34.57416666666667,132.98888888888888,,,,,,,,,,,,,
1,三原支所,22327,福山河川国道事務所,8712,三原支所,6,国ダム,87080000,芦田川,,87080001,芦田川,,9,八田原(国),はったばら,344621,世羅町,世羅郡世羅町大字小谷字苦谷山1100-1,34.59055555555556,133.14583333333331,,,,,,,,,,,,,
1,三原支所,22327,福山河川国道事務所,8712,三原支所,6,国ダム,87080000,芦田川,,87080023,宇津戸川,,10,宇津戸(国),うつど,344621,世羅町,広島県世羅郡世羅町大字宇津戸字関谷1433-2,34.55916666666666,133.1136111111111,,,,,,,,,,,,,
1,三原支所,8705,広島県庁,8712,三原支所,3,砂防課,87080000,芦田川,,87080025,砂田川,,185,別迫,べっさこ,344621,世羅町,世羅郡世羅町大字別迫字北垣内１１３５番地,34.62555555555556,133.07,,,,,,,,,,,,,
1,三原支所,8705,広島県庁,8712,三原支所,2,河川課ダムG,87080000,芦田川,,87080025,砂田川,,77,山田川ダム,やまだがわだむ,344621,世羅町,世羅郡世羅町別迫,34.63666666666666,133.0725,,,,,,,,,,,,,
1,三原支所,16195,広島地方気象台,8712,三原支所,9,気象台,87080000,芦田川,,87080000,河手川,神崎川,7316,世羅(気),せら,344621,世羅町,世羅郡世羅町大字東神崎字大田,34.583333333333336,133.05,,,,,,,,,,,,,
1,東部建設事務所,8705,広島県庁,8711,東部建設事務所,1,河川課,87080000,芦田川,,87080022,父尾川,,54,井関,いぜき,345458,神石高原町,神石郡神石高原町大字坂ノ瀬川１１２４?１地先,34.68,133.29777777777778,,,,,,,,,,,,,
1,東部建設事務所,8705,広島県庁,8711,東部建設事務所,3,砂防課,87080000,芦田川,,87080024,矢多田川,,173,川南,かわみなみ,345458,神石高原町,神石郡神石高原町高蓋１６０２?２,34.674166666666665,133.20583333333332,,,,,,,,,,,,,
1,東部建設事務所,22327,福山河川国道事務所,8711,東部建設事務所,6,国ダム,87080000,芦田川,,87080024,矢多田川,,14,高蓋(国),たかふた,345458,神石高原町,神石郡神石高原町高蓋甲　565,34.67583333333333,133.20944444444444,,,,,,,,,,,,,
1,東部建設事務所,22313,岡山河川事務所,8711,東部建設事務所,5,国土交通省,87079000,高梁川,,87079012,小田川,矢川,43,時安(国),ときやす,345458,神石高原町,神石郡神石高原町時安,34.697222222222216,133.34055555555557,,,,,,,,,,,,,
1,東部建設事務所,8705,広島県庁,8711,東部建設事務所,3,砂防課,87079000,高梁川,,87079161,仁吾川,,172,下豊松,しもとよまつ,345458,神石高原町,神石郡神石高原町下豊松４２９,34.775,133.34055555555557,,,,,,,,,,,,,
1,東部建設事務所,8705,広島県庁,8711,東部建設事務所,3,砂防課,87079000,高梁川,,87079167,安田川,,174,油木安田,ゆきやすだ,345458,神石高原町,神石郡神石高原町安田字行司向,34.766666666666666,133.27583333333334,,,,,,,,,,,,,
1,東部建設事務所,16195,広島地方気象台,8711,東部建設事務所,9,気象台,87079000,高梁川,,87079000,安田川,,7191,油木(気),ゆき,345458,神石高原町,神石郡神石高原町安田伊ノ平谷,34.763333333333335,133.27833333333334,,,,,,,,,,,,,
1,東部建設事務所,8705,広島県庁,8711,東部建設事務所,1,河川課,87079000,高梁川,,87079228,高光川,,55,神石町,じんせきちょう,345458,神石高原町,神石郡神石高原町高光２５５９　神石高原町役場神石支所内,34.80027777777777,133.1772222222222,,,,,,,,,,,,,
1,北部建設事務所,22328,三次河川国道事務所,8713,北部建設事務所,5,国土交通省,87075000,江の川,,87075001,江の川,,1,大津(国),おおつ,320000,島根県,島根県邑智郡邑南町下口羽2983,34.88805555555555,132.67805555555555,,,,,,,,,,,,,
1,北部建設事務所,8705,広島県庁,8713,北部建設事務所,3,砂防課,87075000,江の川,,87075044,作木川,,194,作木西野,さくぎにしの,342092,三次市,三次市作木町西野字本郷１７５?４,34.9,132.73833333333332,,,,,,,,,,,,,
1,北部建設事務所,8705,広島県庁,8713,北部建設事務所,3,砂防課,87075000,江の川,,87075048,神野瀬川,,188,櫃田,ひつた,342092,三次市,三次市君田町櫃田６８?６,34.95,132.82694444444445,,,,,,,,,,,,,
1,北部建設事務所,8705,広島県庁,8713,北部建設事務所,3,砂防課,87075000,江の川,,87075048,神野瀬川,,189,東入君,ひがしいりぎみ,342092,三次市,三次市君田町東入君字大柳３７１?２,34.87722222222222,132.85805555555555,,,,,,,,,,,,,
1,北部建設事務所,16195,広島地方気象台,8713,北部建設事務所,9,気象台,87075000,江の川,,87075048,神野瀬川,,7052,君田(気),きみた,342092,三次市,三次市君田町櫃田字市井谷,34.92833333333333,132.82999999999998,,,,,,,,,,,,,
1,北部建設事務所,8705,広島県庁,8713,北部建設事務所,3,砂防課,87075000,江の川,,87075182,布野川,,191,ゆめランド,ゆめらんど,342092,三次市,三次市布野町下布野字大谷６６１?１,34.855000000000004,132.79777777777778,,,,,,,,,,,,,
1,北部建設事務所,22328,三次河川国道事務所,8713,北部建設事務所,5,国土交通省,87075000,江の川,,87075182,布野川,,18,布野(国),ふの,342092,三次市,三次市布野町上布野河名原地先,34.885555555555555,132.78,,,,,,,,,,,,,
1,北部建設事務所,8705,広島県庁,8713,北部建設事務所,3,砂防課,87075000,江の川,,87075183,中郷川,,190,横谷,よこたに,342092,三次市,三次市布野町横谷字瀬戸７７４?１,34.92333333333333,132.75611111111112,,,,,,,,,,,,,
1,北部建設事務所,8705,広島県庁,8713,北部建設事務所,3,砂防課,87075000,江の川,,87075049,馬洗川,,186,南畑敷,みなみはたじき,342092,三次市,三次市南畑敷町３５４,34.806666666666665,132.8752777777778,,,,,,,,,,,,,
1,北部建設事務所,22328,三次河川国道事務所,8713,北部建設事務所,5,国土交通省,87075000,江の川,,87075049,馬洗川,,12,吉舎(国),きさ,342092,三次市,三次市吉舎町吉舎368,34.721944444444446,132.99166666666665,,,,,,,,,,,,,
1,北部建設事務所,22328,三次河川国道事務所,8713,北部建設事務所,5,国土交通省,87075000,江の川,,87075049,馬洗川,,14,三次(国),みよし,342092,三次市,三次市十日市西6丁目2番1号,34.803888888888885,132.84555555555556,,,,,,,,,,,,,
1,北部建設事務所,16195,広島地方気象台,8713,北部建設事務所,9,気象台,87075000,江の川,,87075194,西城川,,7106,三次(気),みよし,342092,三次市,三次市三次町,34.81166666666666,132.85,,,,,,,,,,,,,
1,北部建設事務所,8705,広島県庁,8713,北部建設事務所,1,河川課,87075000,江の川,,87075233,美波羅川,,59,上壱,かみいち,342092,三次市,三次市三和町上壱２７６８?３地先,34.65083333333333,132.86222222222221,,,,,,,,,,,,,
1,北部建設事務所,8705,広島県庁,8713,北部建設事務所,1,河川課,87075000,江の川,,87075233,美波羅川,,58,三次石原,みよしいしはら,342092,三次市,三次市石原町４８?１地先,34.72555555555556,132.8997222222222,,,,,,,,,,,,,
1,北部建設事務所,8705,広島県庁,8713,北部建設事務所,3,砂防課,87075000,江の川,,87075241,上下川,,195,甲奴本郷,こうぬほんごう,342092,三次市,三次市甲奴町本郷字トン迫９１７番地,34.70111111111111,133.08833333333334,,,,,,,,,,,,,
1,北部建設事務所,22328,三次河川国道事務所,8713,北部建設事務所,5,国土交通省,87075000,江の川,,87075241,上下川,,27,西野(国),にしの,342092,三次市,三次市甲奴町西野40-2,34.70861111111111,133.07333333333332,,,,,,,,,,,,,
1,北部建設事務所,22328,三次河川国道事務所,8713,北部建設事務所,5,国土交通省,87075000,江の川,,87075241,上下川,,28,上安田(国),かみやすだ,342092,三次市,三次市吉舎町上安田,34.74666666666667,133.0336111111111,,,,,,,,,,,,,
1,北部建設事務所,22328,三次河川国道事務所,8713,北部建設事務所,5,国土交通省,87075000,江の川,,87075241,上下川,,31,灰塚ダム(国),はいづかだむ,342092,三次市,三次市三良坂町仁賀1575,34.78583333333333,132.98666666666665,,,,,,,,,,,,,
1,北部建設事務所,8705,広島県庁,8713,北部建設事務所,3,砂防課,87075000,江の川,,87075245,仮屋谷川,,193,仁賀,にか,342092,三次市,三次市三良坂町仁賀字仁賀１３６２?１,34.79138888888889,132.9777777777778,,,,,,,,,,,,,
1,北部建設事務所,8705,広島県庁,8713,北部建設事務所,3,砂防課,87075000,江の川,,87075261,矢井川,,192,敷地,しきじ,342092,三次市,三次市吉舎町敷地字小林２２４７?２,34.7475,132.96555555555554,,,,,,,,,,,,,
1,北部建設事務所,8705,広島県庁,8713,北部建設事務所,1,河川課,87075000,江の川,,87075274,北溝川,,57,北部建設,ほくぶけんせつ,342092,三次市,三次市十日市東４?６?１　北部建設事務所内,34.80472222222222,132.85944444444445,,,,,,,,,,,,,
1,北部建設事務所,8705,広島県庁,8713,北部建設事務所,3,砂防課,87075000,江の川,,87075271,小似川,,187,青河,あおが,342092,三次市,三次市青河町原田,34.76138888888889,132.81972222222223,,,,,,,,,,,,,
1,北部建設事務所,22328,三次河川国道事務所,8713,北部建設事務所,5,国土交通省,87075000,江の川,,87075053,板木川,,16,板木(国),いたき,342092,三次市,三次市三和町大字下板木字高迫12-2（下板木体育館下）,34.69333333333333,132.8322222222222,,,,,,,,,,,,,
1,庄原支所,8705,広島県庁,8714,庄原支所,3,砂防課,87075000,江の川,,87075048,神野瀬川,,199,高暮,こうぼ,342106,庄原市,庄原市高野町高暮字中組５３９,35.0175,132.83166666666665,,,,,,,,,,,,,
1,庄原支所,8705,広島県庁,8714,庄原支所,3,砂防課,87075000,江の川,,87075048,神野瀬川,,200,新市,しんいち,342106,庄原市,庄原市高野町新市字柏奥１７７?１,35.03638888888889,132.915,,,,,,,,,,,,,
1,庄原支所,16195,広島地方気象台,8714,庄原支所,9,気象台,87075000,江の川,,87075048,神野瀬川,,7016,高野(気),たかの,342106,庄原市,庄原市高野町新市,35.03333333333333,132.90166666666667,,,,,,,,,,,,,
1,庄原支所,22328,三次河川国道事務所,8714,庄原支所,5,国土交通省,87075000,江の川,,87075048,神野瀬川,,5,高暮(国),こうぼ,342106,庄原市,庄原市高野町高暮字本高暮山266-4,34.995,132.795,,,,,,,,,,,,,
1,庄原支所,8705,広島県庁,8714,庄原支所,3,砂防課,87075000,江の川,,87075194,西城川,,198,西城中野,さいじょうなかの,342106,庄原市,庄原市西城町中野字網立６５０?８,34.94611111111111,133.12,,,,,,,,,,,,,
1,庄原支所,16195,広島地方気象台,8714,庄原支所,9,気象台,87075000,江の川,,87075194,西城川,,7116,庄原(気),しょうばら,342106,庄原市,庄原市東本町,34.86,133.02333333333334,,,,,,,,,,,,,
1,庄原支所,22328,三次河川国道事務所,8714,庄原支所,5,国土交通省,87075000,江の川,,87075194,西城川,,9,西城(国),さいじょう,342106,庄原市,庄原市西城町中野字赤羽根623-2,34.94416666666666,133.11972222222224,,,,,,,,,,,,,
1,庄原支所,22328,三次河川国道事務所,8714,庄原支所,5,国土交通省,87075000,江の川,,87075194,西城川,,10,庄原(国),しょうばら,342106,庄原市,庄原市本町字柳,34.863055555555555,133.01222222222222,,,,,,,,,,,,,
1,庄原支所,8705,広島県庁,8714,庄原支所,3,砂防課,87075000,江の川,,87075199,竹地川,,202,竹地谷,たけちだに,342106,庄原市,庄原市口和町竹地谷字中本谷１９３?５,34.940555555555555,132.87861111111113,,,,,,,,,,,,,
1,庄原支所,22328,三次河川国道事務所,8714,庄原支所,5,国土交通省,87075000,江の川,,87075199,竹地川,,15,大月(国),おおつき,342106,庄原市,庄原市口和町大月字上岡343-2,34.915,132.88333333333333,,,,,,,,,,,,,
1,庄原支所,8705,広島県庁,8714,庄原支所,3,砂防課,87075000,江の川,,87075203,湯木川,,203,永田,ながた,342106,庄原市,庄原市口和町永田字宮沖甲９,34.89416666666666,132.92694444444444,,,,,,,,,,,,,
1,庄原支所,8705,広島県庁,8714,庄原支所,1,河川課,87075000,江の川,,87075205,比和川,,60,比和,ひわ,342106,庄原市,庄原市比和町大字比和１１１９?１地先　,34.983333333333334,132.98555555555555,,,,,,,,,,,,,
1,庄原支所,22328,三次河川国道事務所,8714,庄原支所,5,国土交通省,87075000,江の川,,87075205,比和川,,17,比和(国),ひわ,342106,庄原市,庄原市比和町木屋原字若宮沖85-2,34.973055555555554,132.98305555555555,,,,,,,,,,,,,
1,庄原支所,8705,広島県庁,8714,庄原支所,3,砂防課,87075000,江の川,,87075300,大津恵川,,196,川北,かわきた,342106,庄原市,庄原市川北町上重行１４３１?３,34.92916666666667,133.04083333333332,,,,,,,,,,,,,
1,庄原支所,8705,広島県庁,8714,庄原支所,1,河川課,87075000,江の川,,87075216,戸郷川,,61,庄原支所,しょうばらししょ,342106,庄原市,庄原市東本町１?４?１　北部建設事務所庄原支所内,34.85944444444445,133.0186111111111,,,,,,,,,,,,,
1,庄原支所,8705,広島県庁,8714,庄原支所,3,砂防課,87075000,江の川,,87075216,戸郷川,,205,戸郷川,とごうがわ,342106,庄原市,庄原市板橋町字西原沖５０?１,34.85,133.01416666666665,,,,,,,,,,,,,
1,庄原支所,22328,三次河川国道事務所,8714,庄原支所,5,国土交通省,87075000,江の川,,87075226,六の原川,,19,油木(国),ゆき,342106,庄原市,庄原市西城町油木上工人詰メ1178,35.046388888888885,133.11027777777778,,,,,,,,,,,,,
1,庄原支所,8705,広島県庁,8714,庄原支所,3,砂防課,87075000,江の川,,87075058,本村川,,197,本村町,ほんむらちょう,342106,庄原市,庄原市本村町中山,34.876666666666665,133.12055555555557,,,,,,,,,,,,,
1,庄原支所,8705,広島県庁,8714,庄原支所,3,砂防課,87075000,江の川,,87075248,田総川,,204,中領家,なかりょうけ,342106,庄原市,庄原市総領町中領家字小迫５５１?１,34.794444444444444,133.10666666666665,,,,,,,,,,,,,
1,庄原支所,22328,三次河川国道事務所,8714,庄原支所,5,国土交通省,87075000,江の川,,87075248,田総川,,29,上領家(国),かみりょうけ,342106,庄原市,庄原市総領町上領家180-1,34.802499999999995,133.12055555555557,,,,,,,,,,,,,
1,庄原支所,22328,三次河川国道事務所,8714,庄原支所,5,国土交通省,87075000,江の川,,87075248,田総川,耳高川,30,黒目(国),くろめ,342106,庄原市,庄原市総領町黒目2486-1,34.73861111111111,133.1161111111111,,,,,,,,,,,,,
1,庄原支所,22328,三次河川国道事務所,8714,庄原支所,5,国土交通省,87075000,江の川,,87075251,領家川,,11,総領(国),そうりょう,342106,庄原市,庄原市総領町稲草陰地2189-3,34.783055555555556,133.06666666666666,,,,,,,,,,,,,
1,庄原支所,22313,岡山河川事務所,8714,庄原支所,5,国土交通省,87079000,高梁川,,87079021,成羽川,,40,東城(国),とうじょう,342106,庄原市,庄原市東城町川東字糸谷35-3,34.902499999999996,133.26555555555555,,,,,,,,,,,,,
1,庄原支所,8705,広島県庁,8714,庄原支所,3,砂防課,87079000,高梁川,,87079176,福代川,,201,川東,かわひがし,342106,庄原市,庄原市東城町川東２２３,34.900555555555556,133.27972222222223,,,,,,,,,,,,,
1,庄原支所,16195,広島地方気象台,8714,庄原支所,9,気象台,87079000,高梁川,,87079000,安田川,福代川,7126,東城(気),とうじょう,342106,庄原市,庄原市東城町川東,34.894999999999996,133.27666666666667,,,,,,,,,,,,,
1,庄原支所,16195,広島地方気象台,8714,庄原支所,9,気象台,87079000,高梁川,,87079187,道後川,,7026,道後山(気),どうごやま,342106,庄原市,庄原市西城町三坂,35.056666666666665,133.18833333333333,,,,,,,,,,,,,
1,庄原支所,8705,広島県庁,8714,庄原支所,2,河川課ダムG,87075000,江の川,,87075999,大戸川,,207,庄原ダム,しょうばらだむ,342106,庄原市,庄原市川西町上川西,34.902499999999996,133.07444444444445,,,,,,,,,,,,,
1,北部建設事務所,22333,太田川河川事務所,8713,北部建設事務所,5,国土交通省,87081000,太田川,,87081019,三篠川,,3,向原(国),むかいはら,342149,安芸高田市,安芸高田市向原町坂字松ノ木3641-4,34.6075,132.76166666666666,,,,,,,,,,,,,
1,北部建設事務所,8705,広島県庁,8713,北部建設事務所,3,砂防課,87081000,太田川,,87081037,大土川,,72,向原坂,むかいはらさか,342149,安芸高田市,安芸高田市向原町坂字松田２１５７?６,34.60944444444445,132.73777777777775,,,,,,,,,,,,,
1,北部建設事務所,8705,広島県庁,8713,北部建設事務所,3,砂防課,87075000,江の川,,87075001,江の川,,105,下甲立,しもこうたち,342149,安芸高田市,安芸高田市甲田町下甲立６３９?２,34.71222222222222,132.76833333333335,,,,,,,,,,,,,
1,北部建設事務所,8705,広島県庁,8713,北部建設事務所,1,河川課,87075000,江の川,,87075001,江の川,,19,吉田町,よしだちょう,342149,安芸高田市,安芸高田市吉田町吉田字貴船１７８３,34.668055555555554,132.71166666666664,,,,,,,,,,,,,
1,北部建設事務所,22328,三次河川国道事務所,8713,北部建設事務所,5,国土交通省,87075000,江の川,,87075001,江の川,,2,吉田(国),よしだ,342149,安芸高田市,安芸高田市吉田町大字常友字西大坪1204-1,34.665277777777774,132.7147222222222,,,,,,,,,,,,,
1,北部建設事務所,22328,三次河川国道事務所,8713,北部建設事務所,6,国ダム,87075000,江の川,,87075001,江の川,,25,土師(国),はじ,342149,安芸高田市,安芸高田市八千代町土師字新開369-24,34.64416666666666,132.62222222222223,,,,,,,,,,,,,
1,北部建設事務所,8705,広島県庁,8713,北部建設事務所,3,砂防課,87075000,江の川,,87075170,田草川,,104,川根,かわね,342149,安芸高田市,安芸高田市高宮町川根字篠原５５７９,34.82333333333334,132.65027777777777,,,,,,,,,,,,,
1,北部建設事務所,8705,広島県庁,8713,北部建設事務所,3,砂防課,87075000,江の川,,87075047,生田川,,107,佐々部,ささべ,342149,安芸高田市,安芸高田市高宮町佐々部字大明神９９?４,34.785,132.72694444444446,,,,,,,,,,,,,
1,北部建設事務所,22328,三次河川国道事務所,8713,北部建設事務所,5,国土交通省,87075000,江の川,,87075047,生田川,,7,美土里(国),みどり,342149,安芸高田市,安芸高田市美土里町北字鉄木谷1121-12,34.766666666666666,132.63805555555555,,,,,,,,,,,,,
1,北部建設事務所,22328,三次河川国道事務所,8713,北部建設事務所,5,国土交通省,87075000,江の川,,87075047,生田川,,8,高宮(国),たかみや,342149,安芸高田市,安芸高田市高宮町大字舟木字上中野郷635-3,34.781666666666666,132.74444444444444,,,,,,,,,,,,,
1,北部建設事務所,8705,広島県庁,8713,北部建設事務所,3,砂防課,87075000,江の川,,87075179,桑田川,,108,桑田,くわた,342149,安芸高田市,安芸高田市美土里町桑田字大谷３１?１,34.75805555555556,132.60944444444445,,,,,,,,,,,,,
1,北部建設事務所,16195,広島地方気象台,8713,北部建設事務所,9,気象台,87075000,江の川,,87075058,本村川,,7161,美土里(気),みどり,342149,安芸高田市,安芸高田市美土里町横田,34.72166666666667,132.655,,,,,,,,,,,,,
1,北部建設事務所,16195,広島地方気象台,8713,北部建設事務所,9,気象台,87075000,江の川,,87075057,大土川,,7231,甲田(気),こうだ,342149,安芸高田市,安芸高田市甲田町高田原,34.69499999999999,132.76,,,,,,,,,,,,,
1,北部建設事務所,8705,広島県庁,8713,北部建設事務所,1,河川課,87075000,江の川,,87075058,本村川,,21,美土里町,みどりちょう,342149,安芸高田市,安芸高田市美土里町本郷１７７５安芸高田市役所美土里支所内,34.726111111111116,132.62694444444446,,,,,,,,,,,,,
1,北部建設事務所,8705,広島県庁,8713,北部建設事務所,3,砂防課,87075000,江の川,,87075286,於手保川,,106,多治比,たじひ,342149,安芸高田市,安芸高田市吉田町多治比字於手保２６３１,34.68111111111111,132.6472222222222,,,,,,,,,,,,,
1,北部建設事務所,8705,広島県庁,8713,北部建設事務所,1,河川課,87075000,江の川,,87075063,簸の川,,20,八千代町,やちよちょう,342149,安芸高田市,安芸高田市八千代町佐々井１３６７安芸高田市役所八千代支所内,34.620555555555555,132.6063888888889,,,,,,,,,,,,,
1,安芸太田支所,8705,広島県庁,8709,安芸太田支所,3,砂防課,87081000,太田川,,87081001,太田川,,139,杉ノ泊,すぎのとまり,343684,安芸太田町,山県郡安芸太田町大字下殿河内字南山２２７番地の１,34.61611111111111,132.27416666666667,,,,,,,,,,,,,
1,安芸太田支所,8705,広島県庁,8709,安芸太田支所,3,砂防課,87081000,太田川,,87081001,太田川,,140,江河内,えごうち,343684,安芸太田町,山県郡安芸太田町大字下殿河内３２２４番地の１,34.59055555555556,132.28916666666666,,,,,,,,,,,,,
1,安芸太田支所,8705,広島県庁,8709,安芸太田支所,3,砂防課,87081000,太田川,,87081001,太田川,,143,猪山,いのしやま,343684,安芸太田町,山県郡安芸太田町大字猪山６５８?５,34.661944444444444,132.31,,,,,,,,,,,,,
1,安芸太田支所,8705,広島県庁,8709,安芸太田支所,3,砂防課,87081000,太田川,,87081001,太田川,,144,中ノ原,なかのはら,343684,安芸太田町,山県郡安芸太田町中ノ原地先,34.562777777777775,132.30416666666667,,,,,,,,,,,,,
1,安芸太田支所,16195,広島地方気象台,8709,安芸太田支所,9,気象台,87081000,太田川,,87081001,太田川,,7212,加計(気),かけ,343684,安芸太田町,山県郡安芸太田町加計字神田,34.61,132.32,,,,,,,,,,,,,
1,安芸太田支所,22333,太田川河川事務所,8709,安芸太田支所,5,国土交通省,87081000,太田川,,87081001,太田川,,10,加計(国),かけ,343684,安芸太田町,山県郡安芸太田町加計中ノ渡,34.60888888888889,132.31972222222223,,,,,,,,,,,,,
1,安芸太田支所,22333,太田川河川事務所,8709,安芸太田支所,6,国ダム,87081000,太田川,,87081001,太田川,,34,温井ダム(国),ぬくいだむ,343684,安芸太田町,山県郡安芸太田町大字加計地先,34.635,132.30333333333334,,,,,,,,,,,,,
1,安芸太田支所,8705,広島県庁,8709,安芸太田支所,3,砂防課,87081000,太田川,,87081026,西宗川,,142,黒峠,くろだお,343684,安芸太田町,山県郡安芸太田町大字穴字黒峠５９１番地の１,34.56916666666667,132.36638888888888,,,,,,,,,,,,,
1,安芸太田支所,8705,広島県庁,8709,安芸太田支所,1,河川課,87081000,太田川,,87081028,丁川,,15,安芸太田支所,あきおおたししょ,343684,安芸太田町,山県郡安芸太田町大字加計３０８７　西部建設事務所安芸太田支所内,34.61194444444445,132.32722222222222,,,,,,,,,,,,,
1,安芸太田支所,8705,広島県庁,8709,安芸太田支所,3,砂防課,87081000,太田川,,87081028,丁川,,141,水谷,みずたに,343684,安芸太田町,山県郡安芸太田町大字加計字水谷５８０番地の１,34.61222222222222,132.3536111111111,,,,,,,,,,,,,
1,安芸太田支所,22333,太田川河川事務所,8709,安芸太田支所,6,国ダム,87081000,太田川,,87081142,松原川,,6,松原(国),まつばら,343684,安芸太田町,山県郡安芸太田町松原,34.66027777777778,132.23527777777775,,,,,,,,,,,,,
1,安芸太田支所,8705,広島県庁,8709,安芸太田支所,3,砂防課,87081000,太田川,,87081030,筒賀川,,71,布原,ぬのはら,343684,安芸太田町,山県郡安芸太田町大字上筒賀布原地先,34.53611111111111,132.19694444444445,,,,,,,,,,,,,
1,安芸太田支所,22333,太田川河川事務所,8709,安芸太田支所,5,国土交通省,87081000,太田川,,87081030,筒賀川,,16,筒賀(国),つつが,343684,安芸太田町,山県郡安芸太田町中筒賀,34.558055555555555,132.24749999999997,,,,,,,,,,,,,
1,安芸太田支所,16195,広島地方気象台,8709,安芸太田支所,9,気象台,87081000,太田川,,87081033,柴木川,,7271,内黒山(気),うちぐろやま,343684,安芸太田町,山県郡安芸太田町大字横川字横川東平341-4,34.59666666666667,132.17666666666665,,,,,,,,,,,,,
1,安芸太田支所,8705,広島県庁,8709,安芸太田支所,3,砂防課,87081000,太田川,,87081026,西宗川,,152,中原,なかばら,343692,北広島町,山県郡北広島町中原字湯川谷１４００?１,34.68111111111111,132.42,,,,,,,,,,,,,
1,安芸太田支所,22333,太田川河川事務所,8709,安芸太田支所,5,国土交通省,87081000,太田川,,87081026,西宗川,,9,七曲(国),ななまがり,343692,北広島町,山県郡北広島町吉木字七曲4779-1,34.615,132.39944444444444,,,,,,,,,,,,,
1,安芸太田支所,8705,広島県庁,8709,安芸太田支所,3,砂防課,87081000,太田川,,87081132,吉木川,,153,吉木,よしき,343692,北広島町,山県郡北広島町吉木字大坪２４４４?３,34.626666666666665,132.4338888888889,,,,,,,,,,,,,
1,安芸太田支所,16195,広島地方気象台,8709,安芸太田支所,9,気象台,87081000,太田川,,87081132,吉木川,,7217,都志見(気),つしみ,343692,北広島町,山県郡北広島町都志見,34.64666666666667,132.44333333333333,,,,,,,,,,,,,
1,安芸太田支所,22333,太田川河川事務所,8709,安芸太田支所,5,国土交通省,87081000,太田川,,87081028,丁川,,15,溝口(国),みぞぐち,343692,北広島町,山県郡北広島町溝口字大崎1151,34.705000000000005,132.38194444444446,,,,,,,,,,,,,
1,安芸太田支所,8705,広島県庁,8709,安芸太田支所,1,河川課,87081000,太田川,,87081029,滝山川,,18,芸北,げいほく,343692,北広島町,山県郡北広島町南門原葉山３８?２,34.75666666666667,132.28,,,,,,,,,,,,,
1,安芸太田支所,8705,広島県庁,8709,安芸太田支所,3,砂防課,87081000,太田川,,87081029,滝山川,,148,川小田,かわこだ,343692,北広島町,山県郡北広島町川小田字出賀原９０５?６,34.7325,132.2861111111111,,,,,,,,,,,,,
1,安芸太田支所,16195,広島地方気象台,8709,安芸太田支所,9,気象台,87081000,太田川,,87081029,滝山川,,7211,王泊(気),おおどまり,343692,北広島町,山県郡北広島町細見,34.69833333333333,132.31166666666667,,,,,,,,,,,,,
1,安芸太田支所,22333,太田川河川事務所,8709,安芸太田支所,6,国ダム,87081000,太田川,,87081029,滝山川,,22,上奥原(国),うえおくはら,343692,北広島町,山県郡北広島町大字草安字野々原,34.76361111111111,132.27027777777778,,,,,,,,,,,,,
1,安芸太田支所,22333,太田川河川事務所,8709,安芸太田支所,6,国ダム,87081000,太田川,,87081141,大佐川,,14,雄鹿原(国),おがわら,343692,北広島町,山県郡北広島町中祖字城岩山,34.7175,132.24249999999998,,,,,,,,,,,,,
1,安芸太田支所,22333,太田川河川事務所,8709,安芸太田支所,6,国ダム,87081000,太田川,,87081147,大暮川,,23,大暮(国),おおぐれ,343692,北広島町,山県郡北広島町大暮字西小屋ヶ原,34.751666666666665,132.33083333333332,,,,,,,,,,,,,
1,安芸太田支所,8705,広島県庁,8709,安芸太田支所,3,砂防課,87081000,太田川,,87081148,高野川,,145,高野,たかの,343692,北広島町,山県郡北広島町高野字毛地１９７?１０,34.75861111111111,132.3777777777778,,,,,,,,,,,,,
1,安芸太田支所,22333,太田川河川事務所,8709,安芸太田支所,6,国ダム,87081000,太田川,,87081029,滝山川,高野川,28,王泊(国),おおどまり,343692,北広島町,山県郡北広島町細見字野田ヶ原361,34.70444444444445,132.3163888888889,,,,,,,,,,,,,
1,安芸太田支所,8705,広島県庁,8709,安芸太田支所,3,砂防課,87081000,太田川,,87081033,柴木川,,147,二川,ふたごう,343692,北広島町,山県郡北広島町東八幡原字二川５?１,34.717777777777776,132.19722222222222,,,,,,,,,,,,,
1,安芸太田支所,16195,広島地方気象台,8709,安芸太田支所,9,気象台,87081000,太田川,,87081033,柴木川,,7136,八幡(気),やはた,343692,北広島町,山県郡北広島町東八幡原,34.708333333333336,132.17333333333332,,,,,,,,,,,,,
1,安芸太田支所,8705,広島県庁,8709,安芸太田支所,3,砂防課,87075000,江の川,,87075001,江の川,,150,川戸,かわど,343692,北広島町,山県郡北広島町川戸字辻田２５６７,34.7325,132.51666666666668,,,,,,,,,,,,,
1,安芸太田支所,16195,広島地方気象台,8709,安芸太田支所,9,気象台,87075000,江の川,,87075001,江の川,,7151,大朝(気),おおあさ,343692,北広島町,山県郡北広島町大朝字大坪,34.76833333333333,132.4633333333333,,,,,,,,,,,,,
1,安芸太田支所,22328,三次河川国道事務所,8709,安芸太田支所,6,国ダム,87075000,江の川,,87075001,江の川,,20,大朝(国),おおあさ,343692,北広島町,山県郡北広島町字平岩298-2,34.76444444444444,132.48388888888888,,,,,,,,,,,,,
1,安芸太田支所,22328,三次河川国道事務所,8709,安芸太田支所,6,国ダム,87075000,江の川,,87075001,江の川,,22,藤原(国),とうはら,343692,北広島町,山県郡北広島町川戸字藤原4562-7,34.737500000000004,132.54055555555556,,,,,,,,,,,,,
1,安芸太田支所,22328,三次河川国道事務所,8709,安芸太田支所,5,国土交通省,87075000,江の川,,87075065,志路原川,,21,志路原(国),しじはら,343692,北広島町,山県郡北広島町志路原字土井原1570-2,34.71555555555556,132.44333333333333,,,,,,,,,,,,,
1,安芸太田支所,8705,広島県庁,8709,安芸太田支所,3,砂防課,87075000,江の川,,87075289,冠川,,151,新都,しんと,343692,北広島町,山県郡北広島町新都２２７?２４,34.65694444444444,132.50722222222223,,,,,,,,,,,,,
1,安芸太田支所,22328,三次河川国道事務所,8709,安芸太田支所,6,国ダム,87075000,江の川,,87075289,冠川,都合谷川,23,本地(国),ほんじ,343692,北広島町,山県郡北広島町本地字西浦2477-5,34.64222222222222,132.50583333333333,,,,,,,,,,,,,
1,安芸太田支所,8705,広島県庁,8709,安芸太田支所,3,砂防課,87075000,江の川,,87075293,大塚川,,149,大塚,おおつか,343692,北広島町,山県郡北広島町大塚字岩崎２２５３?１,34.780277777777776,132.4463888888889,,,,,,,,,,,,,
1,,8735,治山雨量,0,,0,,34000000,,,0,,,1,安佐北区,あさきた,0,,広島市安佐北区可部4-13-13,34.51888888888889,132.5077777777778,,,,,,,,,,,,,
1,,8735,治山雨量,0,,0,,34000000,,,0,,,2,片廻山,かたもうしやま,0,,広島市安佐北区安佐町大字鈴張字片廻841-1,34.60416666666667,132.48166666666665,,,,,,,,,,,,,
1,,8735,治山雨量,0,,0,,34000000,,,0,,,3,三入,みいり,0,,広島市安佐北区三入東1-3-1,34.532222222222224,132.53722222222223,,,,,,,,,,,,,
1,,8735,治山雨量,0,,0,,34000000,,,0,,,4,井原,いばら,0,,広島市安佐北区白木町大字井原字宮迫3745-2,34.59583333333334,132.66972222222222,,,,,,,,,,,,,
1,,8735,治山雨量,0,,0,,34000000,,,0,,,5,白木,しらき,0,,広島市安佐北区白木町大字三田字三日市65-1,34.52861111111111,132.6436111111111,,,,,,,,,,,,,
1,,8735,治山雨量,0,,0,,34000000,,,0,,,6,三田,みた,0,,広島市安佐北区白木町大字三田字上大椿1131,34.498333333333335,132.60666666666665,,,,,,,,,,,,,
1,,8735,治山雨量,0,,0,,34000000,,,0,,,7,白木山,しらきやま,0,,広島市安佐北区白木町大字市川字三度木5886-1,34.518055555555556,132.57805555555555,,,,,,,,,,,,,
1,,8735,治山雨量,0,,0,,34000000,,,0,,,8,狩留家,かるが,0,,広島市安佐北区狩留家町字中山660-1,34.467222222222226,132.58083333333332,,,,,,,,,,,,,
1,,8735,治山雨量,0,,0,,34000000,,,0,,,9,高陽,こうよう,0,,広島市安佐北区口田南9-19,34.45583333333334,132.51194444444445,,,,,,,,,,,,,
1,,8735,治山雨量,0,,0,,34000000,,,0,,,10,久地,くち,0,,広島市安佐北区安佐町大字久地2411,34.50472222222222,132.41777777777776,,,,,,,,,,,,,
1,,8735,治山雨量,0,,0,,34000000,,,0,,,11,宇賀,うが,0,,広島市安佐北区安佐町大字久地字北尾谷山,34.527499999999996,132.36638888888888,,,,,,,,,,,,,
1,,8735,治山雨量,0,,0,,34000000,,,0,,,12,勝木,かつき,0,,広島市安佐北区可部町大字勝木字大坪1651,34.53666666666666,132.4675,,,,,,,,,,,,,
1,,8735,治山雨量,0,,0,,34000000,,,0,,,13,綾ヶ谷,あやがたに,0,,広島市安佐北区可部町大字綾ケ谷字松尾山3209,34.566944444444445,132.49055555555555,,,,,,,,,,,,,
1,,8735,治山雨量,0,,0,,34000000,,,0,,,14,小河内,おがうち,0,,広島市安佐北区安佐町大字小河内字一面5135,34.57333333333334,132.4325,,,,,,,,,,,,,
1,,8735,治山雨量,0,,0,,34000000,,,0,,,15,安芸,あき,0,,広島市安芸区船越南3丁目4番36号,,,,,,,,,,,,,,,
1,,8735,治山雨量,0,,0,,34000000,,,0,,,16,瀬野川,せのがわ,0,,広島市安芸区畑賀町2970番地　,34.39222222222222,132.54722222222222,,,,,,,,,,,,,
1,,8735,治山雨量,0,,0,,34000000,,,0,,,17,阿戸,あと,0,,広島市安芸区阿戸町字谷迫山104番地の1,34.36944444444445,132.63250000000002,,,,,,,,,,,,,
1,,8735,治山雨量,0,,0,,34000000,,,0,,,18,立石,たていし,0,,広島市安芸区畑賀町字長者山甲536番地の23,34.437777777777775,132.58777777777777,,,,,,,,,,,,,
1,,8735,治山雨量,0,,0,,34000000,,,0,,,19,景浦,かげうら,0,,広島市安芸区阿戸町字景浦山1526番地の1　,34.38611111111111,132.59611111111113,,,,,,,,,,,,,
1,,8735,治山雨量,0,,0,,34000000,,,0,,,20,竹原市,たけはらし,0,,竹原市中央5丁目1番35号,,,,,,,,,,,,,,,
1,,8735,治山雨量,0,,0,,34000000,,,0,,,21,田万理,たまり,0,,竹原市田万里町字西堀坂549番地2,34.40972222222222,132.82722222222222,,,,,,,,,,,,,
1,,8735,治山雨量,0,,0,,34000000,,,0,,,22,西野,にしの,0,,竹原市西野町字西野路849番地66,34.39861111111111,132.88333333333333,,,,,,,,,,,,,
1,,8735,治山雨量,0,,0,,34000000,,,0,,,23,小梨,おなし,0,,竹原市小梨町字北谷平1849番地1,34.370555555555555,132.91944444444442,,,,,,,,,,,,,
1,,8735,治山雨量,0,,0,,34000000,,,0,,,24,忠海,ただのうみ,0,,竹原市忠海町字甚三平2478番地,34.33277777777778,132.97916666666666,,,,,,,,,,,,,
1,,8735,治山雨量,0,,0,,34000000,,,0,,,25,朝日山,あさひやま,0,,,,,,,,,,,,,,,,,
1,,8735,治山雨量,0,,0,,34000000,,,0,,,26,吉名,よしな,0,,竹原市吉名町字下郷附4956番地22,34.31638888888889,132.87083333333334,,,,,,,,,,,,,
1,,8735,治山雨量,0,,0,,34000000,,,0,,,27,仁賀,にか,0,,竹原市仁賀町字鹿庭917番地2,34.36666666666667,132.83833333333334,,,,,,,,,,,,,
1,,8735,治山雨量,0,,0,,34000000,,,0,,,28,尾道市,おのみちし,0,,尾道市久保1丁目15番1号,,,,,,,,,,,,,,,
1,,8735,治山雨量,0,,0,,34000000,,,0,,,29,原田,はらだ,0,,尾道市原田町大字梶山田字摩訶衍4333-1,34.488055555555555,133.20083333333332,,,,,,,,,,,,,
1,,8735,治山雨量,0,,0,,34000000,,,0,,,30,木ノ庄,きのしょう,0,,尾道市木ノ庄町大字木門田字大谷口2062,34.47694444444445,133.15222222222224,,,,,,,,,,,,,
1,,8735,治山雨量,0,,0,,34000000,,,0,,,31,美ノ郷,みのごう,0,,尾道市美ノ郷三成680-1,34.45611111111111,133.19111111111113,,,,,,,,,,,,,
1,,8735,治山雨量,0,,0,,34000000,,,0,,,32,栗原,くりはら,0,,尾道市栗原町入道ヶ迫747番地,34.42472222222222,133.17777777777778,,,,,,,,,,,,,
1,,8735,治山雨量,0,,0,,34000000,,,0,,,33,浦崎,うらさき,0,,尾道市浦崎町字乗越946-1,34.400277777777774,133.26472222222222,,,,,,,,,,,,,
1,,8735,治山雨量,0,,0,,34000000,,,0,,,34,三次市,みよし,0,,三次市十日市中2丁目8番1号,,,,,,,,,,,,,,,
1,,8735,治山雨量,0,,0,,34000000,,,0,,,35,河内,こうち,0,,三次市西河内町205-1地先　枝郷川河川敷,34.843333333333334,132.86499999999998,,,,,,,,,,,,,
1,,8735,治山雨量,0,,0,,34000000,,,0,,,36,日下,ひげ,0,,三次市日下町字赤奴123,34.8175,132.8011111111111,,,,,,,,,,,,,
1,,8735,治山雨量,0,,0,,34000000,,,0,,,37,畠敷,はたじき,0,,三次市畠敷町字花ノ木278-1,34.81361111111111,132.89222222222222,,,,,,,,,,,,,
1,,8735,治山雨量,0,,0,,34000000,,,0,,,38,酒屋,さかや,0,,三次市東酒屋2088-2,34.76277777777778,132.85999999999999,,,,,,,,,,,,,
1,,8735,治山雨量,0,,0,,34000000,,,0,,,39,川地,かわち,0,,三次市下志和地町1078-1,34.73416666666667,132.79666666666665,,,,,,,,,,,,,
1,,8735,治山雨量,0,,0,,34000000,,,0,,,40,藤根原,とうねばら,0,,三次市下志和地町,34.72027777777778,132.8427777777778,,,,,,,,,,,,,
1,,8735,治山雨量,0,,0,,34000000,,,0,,,41,田幸,たこう,0,,三次市大田幸町1600,34.753055555555555,132.91555555555556,,,,,,,,,,,,,
1,,8735,治山雨量,0,,0,,34000000,,,0,,,42,上田,うえだ,0,,三次市上田町字後原山364,34.69416666666666,132.91111111111113,,,,,,,,,,,,,
1,,8735,治山雨量,0,,0,,34000000,,,0,,,43,吉和,よしわ,0,,廿日市市吉和3425番地,,,,,,,,,,,,,,,
1,,8735,治山雨量,0,,0,,34000000,,,0,,,44,十方山,じゅっぽうざん,0,,廿日市市吉和下山国有林294-に林小班,34.54083333333333,132.12222222222223,,,,,,,,,,,,,
1,,8735,治山雨量,0,,0,,34000000,,,0,,,45,坊主山,ぼうずやま,0,,廿日市市吉和字吉和西1584番地,34.49666666666667,132.06666666666666,,,,,,,,,,,,,
1,,8735,治山雨量,0,,0,,34000000,,,0,,,46,頓原,とんばら,0,,廿日市市吉和字吉和西1585番地,34.45194444444445,132.0875,,,,,,,,,,,,,
1,,8735,治山雨量,0,,0,,34000000,,,0,,,47,もみのき,もみのき,0,,廿日市市吉和字吉和東1593-13,34.474722222222226,132.1838888888889,,,,,,,,,,,,,
1,,8735,治山雨量,0,,0,,34000000,,,0,,,48,戸河内,とごうち,0,,山県郡安芸太田町784-1,,,,,,,,,,,,,,,
1,,8735,治山雨量,0,,0,,34000000,,,0,,,49,松原,まつばら,0,,山県郡安芸太田町松原273番,34.654444444444444,132.27,,,,,,,,,,,,,
1,,8735,治山雨量,0,,0,,34000000,,,0,,,50,深入,しんにゅう,0,,山県郡安芸太田町松原1番26,34.63777777777778,132.2072222222222,,,,,,,,,,,,,
1,,8735,治山雨量,0,,0,,34000000,,,0,,,51,寺傾,じりょう,0,,山県郡安芸太田町字大原1575番,34.60583333333334,132.2675,,,,,,,,,,,,,
1,,8735,治山雨量,0,,0,,34000000,,,0,,,52,横川,よこごう,0,,山県郡安芸太田町字古屋敷809番1,34.593333333333334,132.15583333333333,,,,,,,,,,,,,
1,,8735,治山雨量,0,,0,,34000000,,,0,,,53,内黒,うちぐろ,0,,山県郡安芸太田町字内黒山879番1,34.595555555555556,132.19,,,,,,,,,,,,,
1,,8735,治山雨量,0,,0,,34000000,,,0,,,54,田吹,たぶき,0,,山県郡安芸太田町字上田吹西平216番,34.54138888888889,132.20333333333332,,,,,,,,,,,,,
1,,8735,治山雨量,0,,0,,34000000,,,0,,,55,河内,こうち,0,,東広島市河内町中河内1166,,,,,,,,,,,,,,,
1,,8735,治山雨量,0,,0,,34000000,,,0,,,56,日本ヶ峰,にほんがみね,0,,東広島市河内町中河内字大道山152番地の1,34.48583333333333,132.8763888888889,,,,,,,,,,,,,
1,,8735,治山雨量,0,,0,,34000000,,,0,,,57,宇山,うやま,0,,東広島市河内町宇山字嶽ヶ白1434-4　　　　　,34.51611111111111,132.81833333333333,,,,,,,,,,,,,
1,,8735,治山雨量,0,,0,,34000000,,,0,,,58,入野,にゅうの,0,,東広島市河内町入野字大谷側1972番地,34.4225,132.8688888888889,,,,,,,,,,,,,
1,,8735,治山雨量,0,,0,,34000000,,,0,,,59,三和町,さんわ,0,,神石郡神石高原町小畠2025,34.703611111111115,133.24777777777777,,,,,,,,,,,,,
1,,8735,治山雨量,0,,0,,34000000,,,0,,,60,星居山,ほしのこやま,0,,神石郡神石高原町阿下5695-8,34.744166666666665,133.22083333333333,,,,,,,,,,,,,
1,,8735,治山雨量,0,,0,,34000000,,,0,,,61,時安,ときやす,0,,神石郡神石高原町時安5651,34.692499999999995,133.3211111111111,,,,,,,,,,,,,
1,,8735,治山雨量,0,,0,,34000000,,,0,,,62,坂瀬川,さかせがわ,0,,神石郡神石高原町坂瀬川157-2,34.660555555555554,133.30555555555557,,,,,,,,,,,,,
1,,8735,治山雨量,0,,0,,34000000,,,0,,,63,五殿山,ごでんやま,0,,神石郡神石高原町父木野5223,34.66361111111111,133.23694444444442,,,,,,,,,,,,,
1,,8735,治山雨量,0,,0,,34000000,,,0,,,64,高蓋,たかふた,0,,神石郡神石高原町高蓋6147,34.70166666666667,133.2133333333333,,,,,,,,,,,,,
1,,8735,治山雨量,0,,0,,34000000,,,0,,,65,作木,さくぎ,0,,三次市作木町下作木674,,,,,,,,,,,,,,,
1,,8735,治山雨量,0,,0,,34000000,,,0,,,66,森山,もりやま,0,,三次市作木町森山中字後谷571番地の2,34.925555555555555,132.6988888888889,,,,,,,,,,,,,
1,,8735,治山雨量,0,,0,,34000000,,,0,,,67,上作木,かみさくぎ,0,,三次市作木町上作木字上郷465番地の3,34.89416666666666,132.75694444444446,,,,,,,,,,,,,
1,,8735,治山雨量,0,,0,,34000000,,,0,,,68,大山,おおやま,0,,三次市作木町大山字鬼岩286番地の3,34.818333333333335,132.7436111111111,,,,,,,,,,,,,
1,,8735,治山雨量,0,,0,,34000000,,,0,,,69,西城,さいじょう,0,,庄原市西城町大佐737-3,,,,,,,,,,,,,,,
1,,8735,治山雨量,0,,0,,34000000,,,0,,,70,道後山,どうごやま,0,,庄原市西城町三坂字道後69番,35.06444444444444,133.21666666666667,,,,,,,,,,,,,
1,,8735,治山雨量,0,,0,,34000000,,,0,,,71,県民の森,けんみんのもり,0,,庄原市西城町油木字川奥山159-17,35.047777777777775,133.0822222222222,,,,,,,,,,,,,
1,,8735,治山雨量,0,,0,,34000000,,,0,,,72,小鳥原,ひととばら,0,,庄原市西城町小鳥原字新開原1293-1,34.0375,133.15666666666667,,,,,,,,,,,,,
1,,8735,治山雨量,0,,0,,34000000,,,0,,,73,熊野,くまの,0,,庄原市西城町熊野字萩垰585-14,35.032777777777774,133.05583333333334,,,,,,,,,,,,,
1,,8735,治山雨量,0,,0,,34000000,,,0,,,74,大屋,おおや,0,,庄原市西城町大屋字馬酔726-1,34.967777777777776,133.05833333333334,,,,,,,,,,,,,
1,,8735,治山雨量,0,,0,,34000000,,,0,,,75,八鳥,はっとり,0,,庄原市西城町八鳥字軒堅1104-2,34.96611111111111,133.1447222222222,,,,,,,,,,,,,
1,,8735,治山雨量,0,,0,,34000000,,,0,,,76,大戸,おおと,0,,庄原市西城町大屋字太平ヶ丸山981-3,34.926944444444445,133.08305555555555,,,,,,,,,,,,,
1,,8735,治山雨量,0,,0,,34000000,,,0,,,77,比和,ひわ,0,,庄原市比和町比和792,,,,,,,,,,,,,,,
1,,8735,治山雨量,0,,0,,34000000,,,0,,,78,吾妻山,あずまやま,0,,庄原市比和町森脇字槇原谷423-1,35.059444444444445,133.02861111111113,,,,,,,,,,,,,
1,,8735,治山雨量,0,,0,,34000000,,,0,,,79,古頃,こごろ,0,,庄原市比和町古頃字法仏526-1,34.976111111111116,132.94722222222222,,,,,,,,,,,,,
1,,8735,治山雨量,0,,0,,34000000,,,0,,,80,三河内,みつがうち,0,,庄原市比和町三河内字中組1099,34.965833333333336,133.0361111111111,,,,,,,,,,,,,
1,,8735,治山雨量,0,,0,,34000000,,,0,,,81,持丸,もちまる,0,,庄原市東城町小奴可字上持丸3410-1番地,35.04611111111111,133.23833333333332,,,,,,,,,,,,,
1,,8735,治山雨量,0,,0,,34000000,,,0,,,82,千鳥,ちどり,0,,庄原市東城町千鳥字頭地643番地,35.00333333333333,133.2813888888889,,,,,,,,,,,,,
1,,8735,治山雨量,0,,0,,34000000,,,0,,,83,所尾,ところお,0,,庄原市東城町内堀字砂附580-1番地,34.98555555555556,133.2577777777778,,,,,,,,,,,,,
1,,8735,治山雨量,0,,0,,34000000,,,0,,,84,小奴可,おぬか,0,,庄原市東城町小奴可字三門2646番地,34.99055555555556,133.21138888888888,,,,,,,,,,,,,
1,,8735,治山雨量,0,,0,,34000000,,,0,,,85,森,もり,0,,庄原市東城町森字大亀谷130番地,34.952222222222225,133.20083333333332,,,,,,,,,,,,,
1,,8735,治山雨量,0,,0,,34000000,,,0,,,86,小室,こむろ,0,,庄原市東城町粟田字1102-1番地,34.947222222222216,133.28555555555556,,,,,,,,,,,,,
1,,8735,治山雨量,0,,0,,34000000,,,0,,,87,雨連,あめつら,0,,庄原市東城町帝釈未渡字横手下647番地,34.86805555555556,133.14916666666667,,,,,,,,,,,,,
1,,8735,治山雨量,0,,0,,34000000,,,0,,,88,三坂,みさか,0,,庄原市東城町三坂字野路950番地,34.84277777777778,133.2411111111111,,,,,,,,,,,,,
4,西部建設事務所,22333,太田川河川事務所,8706,西部建設事務所,5,国土交通省,87081000,太田川,,87081200,旧太田川,,1,三篠橋(国),みささばし,341011,広島市中区,広島市中区基町1番地,34.407222222222224,132.4572222222222,-0.50 ,2.50,2.70,2.80,3.20,,,,,,,,
4,西部建設事務所,22333,太田川河川事務所,8706,西部建設事務所,5,国土交通省,87081000,太田川,,87081200,旧太田川,,2,江波(旧太田川)(国),えば（きゅうおおたがわ）,341011,広島市中区,広島市中区江波南2丁目,34.361666666666665,132.4322222222222,-0.04 ,2.00,2.50,2.70,2.70,,,,,,,,
4,西部建設事務所,8705,広島県庁,8706,西部建設事務所,1,河川課,87081000,太田川,,87081016,府中大川,,180,温品,ぬくしな,341029,広島市東区,広島県広島市東区温品七丁目,34.41416666666667,132.51083333333332,,,1.00,1.15,1.45,,,,,,,,
4,西部建設事務所,8705,広島県庁,8706,西部建設事務所,1,河川課,87081000,太田川,,87081012,京橋川,,1061,段原,だんばら,341037,広島市南区,広島市南区段原末広町地先,34.39055555555556,132.4777777777778,0.33 ,,,,2.15,,,,,,,,
4,西部建設事務所,8705,広島県庁,8706,西部建設事務所,1,河川課,87081000,太田川,,87081005,猿猴川,,61,段原,だんばら,341037,広島市南区,広島市南区段原末広町地先,34.39055555555556,132.4777777777778,0.33 ,,,,2.15,,,,,,,,
4,西部建設事務所,22333,太田川河川事務所,8706,西部建設事務所,5,国土交通省,87081000,太田川,,87081001,太田川,,18,祇園大橋(国),ぎおんおおはし,341045,広島市西区,広島市西区大宮3丁目,34.42388888888889,132.4586111111111,0.00 ,2.90,4.30,6.40,7.00,,,,,,,,
4,西部建設事務所,22333,太田川河川事務所,8706,西部建設事務所,5,国土交通省,87081000,太田川,,87081002,太田川放水路,,19,草津(国),くさつ,341045,広島市西区,広島市西区草津港1丁目,34.36277777777778,132.40416666666667,0.00 ,,,,,,,,,,,,
4,西部建設事務所,22333,太田川河川事務所,8706,西部建設事務所,5,国土交通省,87081000,太田川,,87081001,太田川,,17,長和久(国),ながわく,341053,広島市安佐南区,広島市安佐南区長束1丁目,34.42638888888889,132.46138888888888,0.00 ,,,,,,,,,,,,
4,西部建設事務所,22333,太田川河川事務所,8706,西部建設事務所,5,国土交通省,87081000,太田川,,87081015,古川,,3,古川(国),ふるかわ,341053,広島市安佐南区,広島市安佐南区安古市町古市,34.45388888888889,132.47472222222223,2.90 ,,,4.20,5.90,,,,,,,,
4,西部建設事務所,8705,広島県庁,8706,西部建設事務所,1,河川課,87081000,太田川,,87081018,安川,,1,上安,かみやす,341053,広島市安佐南区,広島市安佐南区相田２丁目地先,34.46944444444445,132.46027777777778,8.77 ,2.35,2.70,2.85,3.25,,,,,,,,
4,西部建設事務所,22333,太田川河川事務所,8706,西部建設事務所,5,国土交通省,87081000,太田川,,87081001,太田川,,12,飯室(国),いむろ,341061,広島市安佐北区,広島市安佐北区安佐町毛木,34.53527777777778,132.4338888888889,47.50 ,2.50,3.80,6.00,7.10,,,,,,,,
4,西部建設事務所,22333,太田川河川事務所,8706,西部建設事務所,5,国土交通省,87081000,太田川,,87081001,太田川,,13,中野(国),なかの,341061,広島市安佐北区,広島市安佐北区可部1丁目,34.50888888888889,132.5088888888889,15.32 ,4.30,5.50,6.20,6.90,,,,,,,,
4,西部建設事務所,22333,太田川河川事務所,8706,西部建設事務所,5,国土交通省,87081000,太田川,,87081001,太田川,,14,玖村(国),くむら,341061,広島市安佐北区,広島市安佐北区落合2丁目,34.48416666666667,132.50972222222222,10.00 ,2.70,4.50,,,,,,,,,,
4,西部建設事務所,22333,太田川河川事務所,8706,西部建設事務所,5,国土交通省,87081000,太田川,,87081001,太田川,,15,矢口第二(国),やぐちだいに,341061,広島市安佐北区,広島市安佐北区口田5丁目,34.471111111111114,132.49666666666664,6.00 ,,,,,,,,,,,,
4,西部建設事務所,22333,太田川河川事務所,8706,西部建設事務所,5,国土交通省,87081000,太田川,,87081001,太田川,,16,矢口第一(国),やぐちだいいち,341061,広島市安佐北区,広島市安佐北区口田1丁目,34.461666666666666,132.49388888888888,4.50 ,3.40,5.00,6.10,7.40,,,,,,,,
4,西部建設事務所,22333,太田川河川事務所,8706,西部建設事務所,5,国土交通省,87081000,太田川,,87081019,三篠川,,6,白木(国),しらき,341061,広島市安佐北区,広島市安佐北区白木町小越,34.552499999999995,132.6602777777778,115.50 ,,,,,,,,,,,,
4,西部建設事務所,8705,広島県庁,8706,西部建設事務所,1,河川課,87081000,太田川,,87081019,三篠川,,181,三田大橋,みたおおはし,341061,広島市安佐北区,広島市安佐北区白木町三田,34.52807055555555,132.63419416666665,89.10,,1.25,1.25,1.45,,,,,,,,
4,西部建設事務所,22333,太田川河川事務所,8706,西部建設事務所,5,国土交通省,87081000,太田川,,87081019,三篠川,,7,中深川(国),なかふかわ,341061,広島市安佐北区,広島市安佐北区中深川4丁目,34.48388888888889,132.53305555555556,18.00 ,2.00,2.80,3.00,3.30,,,,,,,,
4,西部建設事務所,22333,太田川河川事務所,8706,西部建設事務所,5,国土交通省,87081000,太田川,,87081019,三篠川,,8,上庄(国),かみじょう,341061,広島市安佐北区,広島市安佐北区深川3丁目,34.48972222222222,132.52861111111113,15.50 ,,,,,,,,,,,,
4,西部建設事務所,8705,広島県庁,8706,西部建設事務所,1,河川課,87081000,太田川,,87081116,根谷川,,76,三入南,みいりみなみ,341061,広島市安佐北区,広島市安佐北区三入３丁目,34.53777777777778,132.5252777777778,49.86 ,0.75,1.30,1.35,1.65,,,,,,,,
4,西部建設事務所,22333,太田川河川事務所,8706,西部建設事務所,5,国土交通省,87081000,太田川,,87081116,根谷川,,4,上原橋(国),うえはらばし,341061,広島市安佐北区,広島市安佐北区可部2丁目,34.5125,132.51305555555555,21.96 ,,,,,,,,,,,,
4,西部建設事務所,22333,太田川河川事務所,8706,西部建設事務所,5,国土交通省,87081000,太田川,,87081116,根谷川,,5,新川橋(国),しんかわばし,341061,広島市安佐北区,広島市安佐北区可部南2丁目,34.507777777777775,132.51583333333335,17.00 ,1.30,2.20,2.60,3.80,,,,,,,,
4,西部建設事務所,8705,広島県庁,8706,西部建設事務所,1,河川課,87081000,太田川,,87081117,南原川,,154,南原,なばら,341061,広島市安佐北区,広島市安佐北区可部町上町屋字下小野1452番2,34.54055555555556,132.515,70.40 ,,1.05,1.90,2.00,,,,,,,,
4,西部建設事務所,8705,広島県庁,8706,西部建設事務所,1,河川課,87081000,太田川,,87081020,大毛寺川,,84,亀山,かめやま,341061,広島市安佐北区,広島市安佐北区亀山,34.52305555555555,132.49694444444444,37.42 ,,,,,,,,,,,,
4,西部建設事務所,8705,広島県庁,8706,西部建設事務所,1,河川課,87081000,太田川,,87081022,鈴張川,,74,向田,むこうだ,341061,広島市安佐北区,広島市安佐北区安佐町大字飯室字向田４４０１番４,34.5625,132.44916666666668,106.71 ,,1.45,2.10,2.45,,,,,,,,
4,西部建設事務所,8705,広島県庁,8706,西部建設事務所,1,河川課,87081000,太田川,,87081023,吉山川,,77,久地,くち,341061,広島市安佐北区,広島市安佐北区安佐町大字久地字城下乙４４９２番,34.51916666666666,132.4052777777778,77.62 ,,,,,,,,,,,,
4,西部建設事務所,8705,広島県庁,8706,西部建設事務所,1,河川課,87700000,瀬野川,,87700613,瀬野川,,78,瀬野,せの,341070,広島市安芸区,広島市安芸区瀬野１丁目１１２３,34.42194444444444,132.605,54.61 ,,1.50,1.80,2.00,,,,,,,,
4,西部建設事務所,8705,広島県庁,8706,西部建設事務所,1,河川課,87081000,太田川,,87081027,水内川,,7,菅沢,すがさわ,341088,広島市佐伯区,広島市佐伯区湯来町大字菅沢字向志割５３１番地地先,34.48111111111111,132.2588888888889,231.29 ,1.50,2.40,3.25,3.50,,,,,,,,
4,西部建設事務所,22333,太田川河川事務所,8706,西部建設事務所,5,国土交通省,87081000,太田川,,87081027,水内川,,9,湯来(国),ゆき,341088,広島市佐伯区,広島市佐伯区湯来町麦谷,34.52444444444444,132.31555555555556,147.63 ,,2.30,2.80,3.05,,,,,,,,
4,西部建設事務所,8705,広島県庁,8706,西部建設事務所,2,河川課ダムG,87701000,八幡川,,87701614,八幡川,,58,白川,しらこう,341088,広島市佐伯区,広島市佐伯区五日市町大字下河内向原1169-3,34.42944444444444,132.30833333333334,227.31 ,,,,,,,,,,,,
4,西部建設事務所,8705,広島県庁,8706,西部建設事務所,2,河川課ダムG,87701000,八幡川,,87701614,八幡川,,4,小深川,こふかがわ,341088,広島市佐伯区,広島市佐伯区五日市町下小深川,34.40416666666667,132.355,24.20 ,,,,,,,,,,,,
4,西部建設事務所,8705,広島県庁,8706,西部建設事務所,2,河川課ダムG,87701000,八幡川,,87701614,八幡川,,3,中地,なかじ,341088,広島市佐伯区,広島市佐伯区八幡東,34.38194444444444,132.36166666666665,2.53 ,1.70,2.50,3.15,3.50,,,,,,,,
4,西部建設事務所,8705,広島県庁,8706,西部建設事務所,1,河川課,87701000,八幡川,,87701615,石内川,,79,石内,いしうち,341088,広島市佐伯区,広島市佐伯区五日市町大字石内字平田３７１２番３,34.41222222222222,132.37722222222223,16.13 ,,2.20,2.95,3.89,,,,,,,,
4,西部建設事務所,8705,広島県庁,8706,西部建設事務所,2,河川課ダムG,87701000,八幡川,,87701615,石内川,,114,高井,たかい,341088,広島市佐伯区,広島市佐伯区八幡東４丁目３２?５?６地先,34.3925,132.36527777777778,5.26 ,,,,,,,,,,,,
4,西部建設事務所,8705,広島県庁,8706,西部建設事務所,2,河川課ダムG,87701000,八幡川,,87701616,梶毛川,,113,上中,かみなか,341088,広島市佐伯区,広島市佐伯区五日市町大字石内３４７０?１地先,34.415,132.3827777777778,25.85 ,,,,,,,,,,,,
4,西部建設事務所,8705,広島県庁,8706,西部建設事務所,1,河川課,87500000,単独河川,,87500785,岡ノ下川,,153,岡ノ下,おかのした,341088,広島市佐伯区,広島市佐伯区五日市中央１地先,34.36666666666667,132.34972222222223,0.00 ,,,,,,,,,,,,
4,西部建設事務所,8705,広島県庁,8706,西部建設事務所,1,河川課,87500000,単独河川,,87500785,岡ノ下川,,119,中州橋,なかすばし,341088,広島市佐伯区,広島市佐伯区五日市中央４丁目７?３４ 地先,34.37388888888889,132.35222222222222,1.21 ,,1.45,1.65,2.10,,,,,,,,
4,西部建設事務所,8705,広島県庁,8706,西部建設事務所,1,河川課,87081000,太田川,,87081016,府中大川,,75,大須,おおす,343021,府中町,安芸郡府中町大須３丁目,34.39694444444444,132.50194444444443,1.12 ,,1.40,1.90,2.30,,,,,,,,
4,西部建設事務所,8705,広島県庁,8706,西部建設事務所,1,河川課,87700000,瀬野川,,87700613,瀬野川,,2,石原,いしはら,343048,海田町,安芸郡海田町石原地先,34.375277777777775,132.54583333333332,1.77 ,1.10,1.90,2.20,2.90,,,,,,,,
4,西部建設事務所,8705,広島県庁,8706,西部建設事務所,1,河川課,87702000,二河川,,87702609,二河川,,81,呉地,くれじ,343072,熊野町,安芸郡熊野町字三戸山５３０番,34.32472222222223,132.585,212.54 ,,1.65,1.75,2.15,,,,,,,,
4,廿日市支所,8705,広島県庁,8708,廿日市支所,2,河川課ダムG,87082000,小瀬川,,87082001,小瀬川,,11,釜ヶ原,かまがはら,350000,山口県,山口県岩国市美和町釜ヶ原,34.285555555555554,132.13916666666665,130.90 ,,,,,,,,,,,,
4,廿日市支所,22333,太田川河川事務所,8708,廿日市支所,5,国土交通省,87082000,小瀬川,,87082001,小瀬川,,40,小川津(国),おがわづ,350000,山口県,山口県岩国市小瀬字小川津,34.228611111111114,132.17749999999998,12.00 ,2.60,4.00,5.70,6.20,,,,,,,,
4,廿日市支所,22333,太田川河川事務所,8708,廿日市支所,5,国土交通省,87082000,小瀬川,,87082001,小瀬川,,41,両国橋(国),りょうごくばし,350000,山口県,山口県岩国市小瀬墨屋堂,34.209722222222226,132.19472222222223,2.97 ,2.80,3.90,4.40,4.90,,,,,,,,
4,廿日市支所,22333,太田川河川事務所,8708,廿日市支所,5,国土交通省,87082000,小瀬川,,87082001,小瀬川,,42,和木(国),わき,350000,山口県,山口県玖珂郡和木町和木,34.20805555555556,132.24194444444444,0.00 ,,,,,,,,,,,,
4,廿日市支所,22333,太田川河川事務所,8708,廿日市支所,6,国ダム,87082000,小瀬川,,87082001,小瀬川,,45,下ヶ原(国),しもがはら,342114,大竹市,大竹市大栗林下ヶ原,34.275,132.13444444444443,123.00 ,,,,,,,,,,,,
4,廿日市支所,22333,太田川河川事務所,8708,廿日市支所,6,国ダム,87082000,小瀬川,,87082001,小瀬川,,51,防鹿(国),ぼうろく,342114,大竹市,大竹市小方町防鹿,34.22638888888889,132.19944444444445,7.55 ,,,,,,,,,,,,
4,廿日市支所,8705,広島県庁,8708,廿日市支所,2,河川課ダムG,87082000,小瀬川,,87082001,小瀬川,,57,本郷,ほんごう,342131,廿日市市,廿日市市浅原字前中山１１１５番地の３,34.33638888888889,132.14,218.22 ,,,,,,,,,,,,
4,廿日市支所,8705,広島県庁,8708,廿日市支所,2,河川課ダムG,87082000,小瀬川,,87082001,小瀬川,,56,岩倉,いわくら,342131,廿日市市,廿日市市大字津田地内,34.37388888888889,132.1536111111111,291.30 ,,,,,,,,,,,,
4,廿日市支所,8705,広島県庁,8708,廿日市支所,1,河川課,87500000,単独河川,,87500786,永慶寺川,,82,水ノ越,みのこし,342131,廿日市市,廿日市市大野字小田ノ口４１１５?１地先,34.29611111111111,132.27583333333334,3.10,,1.25,1.25,1.45,,,,,,,,
4,廿日市支所,8705,広島県庁,8708,廿日市支所,1,河川課,87703000,御手洗川,,87703626,御手洗川,,9,宮内,みやうち,342131,廿日市市,廿日市市宮内字西畑口３６４８?９地先,34.34055555555556,132.29472222222222,38.10 ,,1.95,1.95,2.20,,,,,,,,
4,廿日市支所,8705,広島県庁,8708,廿日市支所,1,河川課,87500000,単独河川,,87500625,可愛川,,83,平良,へら,342131,廿日市市,廿日市市平良２丁目２０７番１,34.35472222222222,132.32861111111112,5.63 ,,0.85,1.05,1.27,,,,,,,,
4,呉支所,8705,広島県庁,8707,呉支所,1,河川課,87702000,二河川,,87702609,二河川,,6,二河,にこう,342025,呉市,呉市二河町１番,34.25555555555555,132.56055555555557,3.49 ,1.50,2.00,2.15,2.50,,,,,,,,
4,呉支所,8705,広島県庁,8707,呉支所,1,河川課,87297000,黒瀬川,,87297011,黒瀬川,,5,町田,まちだ,342025,呉市,呉市広弁天橋町８,34.246944444444445,132.6277777777778,1.46 ,1.50,2.00,2.75,3.45,,,,,,,,
4,呉支所,8705,広島県庁,8707,呉支所,1,河川課,87297000,黒瀬川,,87297012,長谷川,,80,惣引谷,そうびきたに,342025,呉市,呉市郷原町字惣引谷３２５２番１,34.30277777777778,132.63083333333333,151.63 ,,,,,,,,,,,,
4,呉支所,8705,広島県庁,8707,呉支所,2,河川課ダムG,87705000,野呂川,,87705606,野呂川,,60,市原,いちはら,342025,呉市,呉市安浦町大字中畑字打田原甲1470,34.29416666666666,132.7,140.49 ,,,,,,,,,,,,
4,呉支所,8705,広島県庁,8707,呉支所,2,河川課ダムG,87705000,野呂川,,87705606,野呂川,,22,藤浪,ふじなみ,342025,呉市,呉市安浦町内海浦尻北,34.28333333333333,132.73416666666665,9.75 ,,0.80,1.05,1.30,,,,,,,,
4,東広島支所,8705,広島県庁,8710,東広島支所,1,河川課,87707000,賀茂川,,87707604,賀茂川,,20,新庄,しんじょう,342033,竹原市,竹原市新庄町町田１９８１?２,34.384166666666665,132.89055555555555,20.67 ,1.20,1.50,1.60,1.95,,,,,,,,
4,東広島支所,8705,広島県庁,8710,東広島支所,1,河川課,87707000,賀茂川,,87707604,賀茂川,,92,竹原,たけはら,342033,竹原市,竹原市竹原町吉崎,34.33527777777778,132.90055555555557,-0.57 ,,,,,,,,,,,,
4,東広島支所,8705,広島県庁,8710,東広島支所,1,河川課,87500000,単独河川,,87500000,本川,,93,下野,しもの,342033,竹原市,竹原市下野町字大応,34.353611111111114,132.90444444444444,3.56 ,,,,,,,,,,,,
4,東広島支所,8705,広島県庁,8710,東広島支所,1,河川課,87297000,黒瀬川,,87297011,黒瀬川,,16,樋ノ詰,ひのつめ,342122,東広島市,東広島市西条町馬木樋ノ詰橋下,34.35638888888889,132.7213888888889,168.45 ,1.20,2.35,2.70,3.00,,,,,,,,
4,東広島支所,8705,広島県庁,8710,東広島支所,1,河川課,87297000,黒瀬川,,87297011,黒瀬川,,15,松ヶ瀬,まつがせ,342122,東広島市,東広島市黒瀬町菅田松ヶ瀬橋下,34.323055555555555,132.67333333333332,152.98 ,0.65,2.10,2.10,2.65,,,,,,,,
4,東広島支所,8705,広島県庁,8710,東広島支所,1,河川課,87297000,黒瀬川,,87297011,黒瀬川,,18,下見,したみ,342122,東広島市,東広島市西条町西条東番蔵川合流点下,34.422777777777775,132.73833333333332,208.15 ,1.15,2.25,2.30,2.65,,,,,,,,
4,東広島支所,8705,広島県庁,8710,東広島支所,1,河川課,87297000,黒瀬川,,87297011,黒瀬川,,17,御薗宇,みそのう,342122,東広島市,東広島市西条町御園宇一水橋上,34.397777777777776,132.7386111111111,203.68 ,1.70,2.50,2.75,3.20,,,,,,,,
4,東広島支所,8705,広島県庁,8710,東広島支所,1,河川課,87297000,黒瀬川,,87297118,古河川,,88,古河,ふるこう,342122,東広島市,東広島市西条町大字田口字古河,34.388888888888886,132.7122222222222,180.59 ,,,,,,,,,,,,
4,東広島支所,8705,広島県庁,8710,東広島支所,1,河川課,87296000,沼田川,,87296001,沼田川,,89,河戸,こうど,342122,東広島市,東広島市河内町河戸字中須賀,34.498333333333335,132.82444444444445,174.91 ,,2.00,2.25,2.40,,,,,,,,
4,東広島支所,8705,広島県庁,8710,東広島支所,2,河川課ダムG,87296000,沼田川,,87296001,沼田川,,19,中河内,なかごうち,342122,東広島市,東広島市河内町中河内正尺,34.473888888888894,132.87944444444446,101.18 ,,1.80,1.95,2.30,,,,,,,,
4,東広島支所,8705,広島県庁,8710,東広島支所,2,河川課ダムG,87296000,沼田川,,87296016,椋梨川,,65,奥条,おくじょう,342122,東広島市,東広島市河内町中河内奥条,34.481388888888894,132.89888888888888,139.18 ,,2.55,3.60,3.95,,,,,,,,
4,東広島支所,8705,広島県庁,8710,東広島支所,1,河川課,87296000,沼田川,,87296017,入野川,,158,失平,しっぺい,342122,東広島市,東広島市河内町入野失平2110-1地先,34.45305555555556,132.85277777777776,139.94 ,,1.75,2.60,3.00,,,,,,,,
4,東広島支所,8705,広島県庁,8710,東広島支所,1,河川課,87296000,沼田川,,87296017,入野川,,90,中島,なかしま,342122,東広島市,東広島市高屋町大字中島,34.44499999999999,132.79194444444445,203.45 ,,1.30,1.30,1.75,,,,,,,,
4,東広島支所,8705,広島県庁,8710,東広島支所,1,河川課,87999000,その他,,87999009,高野川,,23,風早,かざはや,342122,東広島市,東広島市安芸津町風早字印内５０１?８地先,34.314166666666665,132.78583333333333,9.90 ,,,,,,,,,,,,
4,東広島支所,8705,広島県庁,8710,東広島支所,1,河川課,87999000,その他,,87999008,三津大川,,21,三津,みつ,342122,東広島市,東広島市安芸津町三津２６３５地先,34.32916666666667,132.8175,13.06 ,,1.30,1.30,1.55,,,,,,,,
4,三原支所,8705,広島県庁,8712,三原支所,2,河川課ダムG,87296000,沼田川,,87296001,沼田川,,25,船木,ふなき,342041,三原市,三原市本郷町大字船木字中筋,34.42722222222222,132.97055555555556,7.00 ,2.30,3.10,4.20,4.70,,,,,,,,
4,三原支所,8705,広島県庁,8712,三原支所,2,河川課ダムG,87296000,沼田川,,87296001,沼田川,,24,七宝,しっぽう,342041,三原市,三原市沼田東町大字七宝,34.401944444444446,133.03055555555557,1.42 ,2.90,3.60,4.50,4.65,,,,,,,,
4,三原支所,8705,広島県庁,8712,三原支所,1,河川課,87296000,沼田川,,87296011,天井川,,26,沼田東,ぬたひがし,342041,三原市,三原市沼田東町大字釜山字徳万２０１８?１番地先,34.382222222222225,133.01666666666668,3.74 ,1.10,1.45,1.65,1.90,,,,,,,,
4,三原支所,8705,広島県庁,8712,三原支所,1,河川課,87296000,沼田川,,87296013,仏通寺川,,28,本郷,ほんごう,342041,三原市,三原市本郷町本郷字釣戸樋４０６９?１番地先,34.408055555555556,132.9972222222222,5.23 ,1.55,1.75,1.75,2.15,,,,,,,,
4,三原支所,8705,広島県庁,8712,三原支所,1,河川課,87296000,沼田川,,87296203,梨和川,,27,南方,みなみかた,342041,三原市,三原市本郷町南方字中菅６１９６番地先,34.40555555555555,132.96916666666667,8.09 ,1.30,1.70,2.25,3.00,,,,,,,,
4,三原支所,8705,広島県庁,8712,三原支所,1,河川課,87296000,沼田川,,87296200,菅川,,29,菅川橋,すげかわばし,342041,三原市,三原市本郷町船木字佐用沖２５１３番地先,34.43333333333333,132.97722222222222,10.32 ,0.90,1.35,1.60,2.15,,,,,,,,
4,三原支所,8705,広島県庁,8712,三原支所,1,河川課,87296000,沼田川,,87296016,椋梨川,,91,椋梨,むくなし,342041,三原市,三原市大和町椋梨,34.53444444444444,132.87861111111113,292.51 ,,1.40,1.65,2.05,,,,,,,,
4,三原支所,8705,広島県庁,8712,三原支所,2,河川課ダムG,87296000,沼田川,,87296016,椋梨川,,59,和木,わき,342041,三原市,三原市大和町和木字楽免391,34.51611111111111,132.91833333333332,265.19 ,,3.15,3.75,4.25,,,,,,,,
4,三原支所,8705,広島県庁,8712,三原支所,1,河川課,87712000,和久原川,,87712001,和久原川,,94,中之町,なかのちょう,342041,三原市,三原市中之町４３７６?１,34.40888888888889,133.09805555555556,8.85 ,,1.10,1.45,1.55,,,,,,,,
4,三原支所,8705,広島県庁,8712,三原支所,1,河川課,87844000,西野川,,87844001,西野川,,161,西宮,にしみや,342041,三原市,三原市西宮一丁目地先,34.40222222222222,133.06972222222223,1.25 ,,0.90,1.20,1.60,,,,,,,,
4,三原支所,8705,広島県庁,8712,三原支所,2,河川課ダムG,87080000,芦田川,,87080020,御調川,,31,丸門田,まるもんでん,342050,尾道市,尾道市御調町大字丸門田字横山,34.49722222222222,133.11027777777778,93.73 ,,2.35,4.20,4.45,,,,,,,,
4,三原支所,8705,広島県庁,8712,三原支所,2,河川課ダムG,87080000,芦田川,,87080020,御調川,,30,市,いち,342050,尾道市,尾道市御調町大字市字河原,34.51305555555555,133.1436111111111,75.19 ,,2.55,2.60,2.80,,,,,,,,
4,三原支所,8705,広島県庁,8712,三原支所,2,河川課ダムG,87080000,芦田川,,87080005,野間川,,179,今田,いまだ,342050,尾道市,尾道市御調町今田字大通886-3,34.50388888888889,133.09611111111113,116.04 ,,,,,,,,,,,,
4,三原支所,8705,広島県庁,8712,三原支所,1,河川課,87708000,藤井川,,87708615,藤井川,,32,柳井橋,やないばし,342050,尾道市,尾道市西藤町大字柳井樋ノ詰３０６３?１番地先,34.453611111111115,133.21305555555554,13.08 ,,1.45,1.60,1.85,,,,,,,,
4,三原支所,8705,広島県庁,8712,三原支所,1,河川課,87708000,藤井川,,87708615,藤井川,,95,美之郷,みのごう,342050,尾道市,尾道市美之郷町中野寺前橋西詰,34.44777777777777,133.15805555555556,55.21 ,,1.50,2.05,2.20,,,,,,,,
4,東部建設事務所,8705,広島県庁,8711,東部建設事務所,4,農業基盤課,87080000,芦田川,,87080001,芦田川,,1016,七社,ななやしろ,342076,福山市,福山市駅家町下山守378-2,34.525,133.33722222222224,299.00 ,,,,,,,,,,,,
4,東部建設事務所,22327,福山河川国道事務所,8711,東部建設事務所,5,国土交通省,87080000,芦田川,,87080001,芦田川,,1,山手(国),やまて,342076,福山市,福山市山手町,34.49333333333333,133.34,1.78 ,2.72,3.72,5.00,5.60,,,,,,,,
4,東部建設事務所,22327,福山河川国道事務所,8711,東部建設事務所,5,国土交通省,87080000,芦田川,,87080001,芦田川,,3,郷分(国),ごうぶん,342076,福山市,福山市御幸町大字中津原字下組,34.52194444444444,133.3538888888889,3.30 ,4.00,5.00,,,,,,,,,,
4,東部建設事務所,22327,福山河川国道事務所,8711,東部建設事務所,5,国土交通省,87080000,芦田川,,87080001,芦田川,,8,上戸手(国),かみとで,342076,福山市,福山市新市町上戸手,34.54388888888889,133.2863888888889,13.09 ,3.00,4.00,,,,,,,,,,
4,東部建設事務所,22327,福山河川国道事務所,8711,東部建設事務所,5,国土交通省,87080000,芦田川,,87080001,芦田川,,26,山手左岸(国),やまてさがん,342076,福山市,福山市山手町官有無番地,34.49333333333333,133.34,1.78 ,,,,,,,,,,,,
4,東部建設事務所,22327,福山河川国道事務所,8711,東部建設事務所,6,国ダム,87080000,芦田川,,87080001,芦田川,,11,山守橋(国),やまもりばし,342076,福山市,福山市駅家町上山守地先,34.530277777777776,133.33194444444445,9.00 ,,,,,,,,,,,,
4,東部建設事務所,22327,福山河川国道事務所,8711,東部建設事務所,5,国土交通省,87080000,芦田川,,87080205,瀬戸川,,18,西神島(国),にしかしま,342076,福山市,福山市西神島町新町,34.48361111111111,133.34055555555557,2.25 ,,1.80,2.05,2.55,,,,,,,,
4,東部建設事務所,8705,広島県庁,8711,東部建設事務所,1,河川課,87080000,芦田川,,87080003,加屋川,,97,津之郷,つのごう,342076,福山市,福山市津之郷町津之郷字芹田７９２?２,34.48111111111111,133.31916666666666,6.83 ,,,,,,,,,,,,
4,東部建設事務所,8705,広島県庁,8711,東部建設事務所,1,河川課,87080000,芦田川,,87080002,河手川,,160,瀬戸山北,せとさぼく,342076,福山市,福山市瀬戸町山北564,34.47222222222222,133.31111111111113,10.00 ,,1.75,2.50,2.70,,,,,,,,
4,東部建設事務所,8705,広島県庁,8711,東部建設事務所,1,河川課,87080000,芦田川,,87080012,高屋川,,64,古市,ふるいち,342076,福山市,福山市神辺町古市,34.54666666666667,133.38805555555555,9.30 ,2.05,2.75,3.40,3.65,,,,,,,,
4,東部建設事務所,22327,福山河川国道事務所,8711,東部建設事務所,5,国土交通省,87080000,芦田川,,87080012,高屋川,,16,御幸(国),みゆき,342076,福山市,福山市御幸町中津原地先,34.52027777777778,133.35777777777778,2.95 ,3.50,4.50,5.40,5.80,,,,,,,,
4,東部建設事務所,22327,福山河川国道事務所,8711,東部建設事務所,5,国土交通省,87080000,芦田川,,87080012,高屋川,,17,神辺(国),かんなべ,342076,福山市,福山市神辺町大字上御領,34.573888888888895,133.41833333333332,19.51 ,,,,,,,,,,,,
4,東部建設事務所,22327,福山河川国道事務所,8711,東部建設事務所,5,国土交通省,87080000,芦田川,,87080012,高屋川,,13,掛ノ橋(国),かけのはし,342076,福山市,福山市神辺町領家,34.53777777777778,133.33444444444444,8.12 ,,,,,,,,,,,,
4,東部建設事務所,8705,広島県庁,8711,東部建設事務所,1,河川課,87080000,芦田川,,87080201,吉野川,,35,万能倉,まなぐら,342076,福山市,福山市駅家町大字万能倉３１７?２,34.54694444444444,133.3363888888889,12.30 ,0.80,0.95,1.25,1.50,,,,,,,,
4,東部建設事務所,8705,広島県庁,8711,東部建設事務所,1,河川課,87080000,芦田川,,87080117,加茂川,,34,中野,なかの,342076,福山市,福山市加茂町大字中野２６６?４,34.5675,133.34444444444446,22.50 ,0.50,0.70,1.25,1.40,,,,,,,,
4,東部建設事務所,8705,広島県庁,8711,東部建設事務所,2,河川課ダムG,87080000,芦田川,,87080117,加茂川,,107,沼,ぬま,342076,福山市,福山市御幸町字下岩成１２２９地先,34.54555555555555,133.34861111111113,5.31 ,,5.55,6.25,6.90,,,,,,,,
4,東部建設事務所,8705,広島県庁,8711,東部建設事務所,2,河川課ダムG,87080000,芦田川,,87080117,加茂川,,108,加茂,かも,342076,福山市,福山市加茂町芦原字出雲８１５?２の地先,34.58861111111111,133.3563888888889,45.99 ,,3.10,3.60,3.75,,,,,,,,
4,東部建設事務所,8705,広島県庁,8711,東部建設事務所,2,河川課ダムG,87080000,芦田川,,87080013,四川,,105,大谷池,おおたにいけ,342076,福山市,福山市加茂町百谷２１９３?１４,34.60888888888889,133.32694444444445,211.00 ,,,,,,,,,,,,
4,東部建設事務所,8705,広島県庁,8711,東部建設事務所,2,河川課ダムG,87080000,芦田川,,87080013,四川,,106,百谷,ももだに,342076,福山市,福山市加茂町字百谷,34.60444444444445,133.32888888888888,5.44 ,,,,,,,,,,,,
4,東部建設事務所,8705,広島県庁,8711,東部建設事務所,2,河川課ダムG,87080000,芦田川,,87080013,四川,,110,出雲,いずも,342076,福山市,福山市加茂町字芦原字出雲８３８,34.59,133.35583333333332,7.41 ,,,,,,,,,,,,
4,東部建設事務所,8705,広島県庁,8711,東部建設事務所,2,河川課ダムG,87080000,芦田川,,87080016,谷尻川,,109,種,たね,342076,福山市,福山市加茂町字北山１８９,34.611666666666665,133.33666666666667,6.68 ,,,,,,,,,,,,
4,東部建設事務所,8705,広島県庁,8711,東部建設事務所,1,河川課,87080000,芦田川,,87080207,箱田川,,33,西中条,にしちゅうじょう,342076,福山市,福山市神辺町字西中条梶久９４５?１,34.56388888888888,133.37055555555557,21.00 ,1.00,1.15,2.05,2.20,,,,,,,,
4,東部建設事務所,8705,広島県庁,8711,東部建設事務所,1,河川課,87080000,芦田川,,87080014,服部川,,159,駅家中島,えきやなかじま,342076,福山市,福山市駅家町中島1125-3,34.55027777777777,133.32166666666666,16.50 ,,1.70,1.95,2.30,,,,,,,,
4,東部建設事務所,8705,広島県庁,8711,東部建設事務所,1,河川課,87080000,芦田川,,87080014,服部川,,101,服部,はっとり,342076,福山市,福山市駅家町助元１３２２,34.58277777777778,133.31194444444446,56.46 ,,,,,,,,,,,,
4,東部建設事務所,8705,広島県庁,8711,東部建設事務所,1,河川課,87080000,芦田川,,87080015,有地川,,36,福田,ふくだ,342076,福山市,福山市芦田町大字福田７３４?３,34.534166666666664,133.28722222222223,17.86 ,1.20,1.55,1.65,1.80,,,,,,,,
4,東部建設事務所,8705,広島県庁,8711,東部建設事務所,1,河川課,87080000,芦田川,,87080202,才町川,,62,大橋,おおはし,342076,福山市,福山市駅家町大橋,34.535555555555554,133.315,9.96 ,,,,,,,,,,,,
4,東部建設事務所,8705,広島県庁,8711,東部建設事務所,1,河川課,87080000,芦田川,,87080017,神谷川,,37,上安井,かみやすい,342076,福山市,福山市新市町大字上安井２の４地先,34.587500000000006,133.2686111111111,45.71 ,0.70,1.35,1.75,1.95,,,,,,,,
4,東部建設事務所,8705,広島県庁,8711,東部建設事務所,1,河川課,87080000,芦田川,,87080017,神谷川,,63,新市宮内,しんいちみやうち,342076,福山市,福山市新市町大字宮内２１５５?３,34.565555555555555,133.2775,25.31 ,,,,,,,,,,,,
4,東部建設事務所,22327,福山河川国道事務所,8711,東部建設事務所,5,国土交通省,87080000,芦田川,,87080017,神谷川,,20,新市(国),しんいち,342076,福山市,福山市新市町新市,34.55472222222222,133.27722222222224,17.99 ,,,,,,,,,,,,
4,東部建設事務所,8705,広島県庁,8711,東部建設事務所,1,河川課,87079000,高梁川,,87079012,小田川,,66,山野,やまの,342076,福山市,福山市山野町山野,34.65416666666667,133.39138888888888,95.24 ,,,,,,,,,,,,
4,東部建設事務所,8705,広島県庁,8711,東部建設事務所,1,河川課,87709000,本郷川,,87709602,本郷川,,40,今津,いまづ,342076,福山市,福山市今津町字為安２０４３地先,34.462500000000006,133.2486111111111,8.14 ,0.70,1.00,1.05,1.15,,,,,,,,
4,東部建設事務所,8705,広島県庁,8711,東部建設事務所,1,河川課,87843000,羽原川,,87843001,羽原川,,99,松永,まつなが,342076,福山市,福山市神村町７３７,34.45472222222222,133.26388888888889,2.09 ,,1.15,1.15,1.30,,,,,,,,
4,東部建設事務所,8705,広島県庁,8711,東部建設事務所,1,河川課,87710000,山南川,,87710601,山南川,,98,沼隈,ぬまくま,342076,福山市,福山市沼隈町大字草深１８８９?６,34.390277777777776,133.31833333333333,1.71 ,,1.20,1.45,1.60,,,,,,,,
4,東部建設事務所,8705,広島県庁,8711,東部建設事務所,1,河川課,87500000,単独河川,,87500510,手城川,,100,手城,てしろ,342076,福山市,福山市春日町７丁目  ４?１,34.509166666666665,133.41305555555556,-0.43 ,,1.00,1.40,1.60,,,,,,,,
4,東部建設事務所,8705,広島県庁,8711,東部建設事務所,1,河川課,87500000,単独河川,,87500510,手城川,,117,春日池,かすがいけ,342076,福山市,福山市春日町４丁目,34.513333333333335,133.41777777777776,4.10 ,,,,,,,,,,,,
4,東部建設事務所,8705,広島県庁,8711,東部建設事務所,1,河川課,87080000,芦田川,,87076029,福川,,118,福川,ふくがわ,342076,福山市,福山市神島町４丁目,34.48416666666667,133.34083333333334,2.52 ,,,,,,,,,,,,
4,東部建設事務所,8705,広島県庁,8711,東部建設事務所,1,河川課,87075000,江の川,,87075241,上下川,,41,二森,ふたもり,342084,府中市,府中市上下町二森字下陰地２０?１地先,34.70277777777778,133.13722222222222,306.80 ,,,,,,,,,,,,
4,東部建設事務所,8705,広島県庁,8711,東部建設事務所,4,農業基盤課,87080000,芦田川,,87080001,芦田川,,1015,前原,まえばら,342084,府中市,府中市父石町下前原,34.559999999999995,133.2175,341.00 ,,,,,,,,,,,,
4,東部建設事務所,22327,福山河川国道事務所,8711,東部建設事務所,5,国土交通省,87080000,芦田川,,87080001,芦田川,,2,府中(国),ふちゅう,342084,府中市,府中市府川町,34.564166666666665,133.2361111111111,24.71 ,1.50,2.50,3.60,3.90,,,,,,,,
4,東部建設事務所,22327,福山河川国道事務所,8711,東部建設事務所,5,国土交通省,87080000,芦田川,,87080001,芦田川,,9,矢野原(国),やのはら,342084,府中市,府中市河佐町大字矢野原,34.59916666666667,133.18666666666667,97.88 ,3.00,4.00,4.00,4.60,,,,,,,,
4,東部建設事務所,22327,福山河川国道事務所,8711,東部建設事務所,6,国ダム,87080000,芦田川,,87080001,芦田川,,10,永野山(国),ながのやま,342084,府中市,府中市久佐町字ツカ丸286-105,34.59111111111111,133.15166666666667,157.70 ,,,,,,,,,,,,
4,東部建設事務所,8705,広島県庁,8711,東部建設事務所,1,河川課,87080000,芦田川,,87078012,砂川,,96,府中砂川,ふちゅうすなかわ,342084,府中市,府中市元町字松原３４２?１,34.57694444444445,133.23944444444444,31.36 ,,1.05,1.25,1.50,,,,,,,,
4,東部建設事務所,8705,広島県庁,8711,東部建設事務所,1,河川課,87080000,芦田川,,87080203,出口川,,38,大黒,だいこく,342084,府中市,府中市出口町字大黒町１１２３,34.57694444444445,133.22722222222222,35.20 ,0.70,0.80,1.00,1.15,,,,,,,,
4,三原支所,8705,広島県庁,8712,三原支所,4,農業基盤課,87080000,芦田川,,87080001,芦田川,,42,甲山,こうざん,344621,世羅町,世羅郡世羅町字高野西上原,34.58444444444444,133.05861111111113,330.74 ,1.70,1.95,2.25,2.65,,,,,,,,
4,三原支所,8705,広島県庁,8712,三原支所,4,農業基盤課,87080000,芦田川,,87080001,芦田川,,43,駅前,えきまえ,344621,世羅町,世羅郡世羅町大字伊尾字三川,34.63,133.10944444444445,244.60 ,,,,,,,,,,,,
4,三原支所,22327,福山河川国道事務所,8712,三原支所,6,国ダム,87080000,芦田川,,87080001,芦田川,,4,伊尾(国),いお,344621,世羅町,世羅郡世羅町大字伊尾,34.62916666666667,133.10999999999999,249.55 ,,,,,,,,,,,,
4,三原支所,22327,福山河川国道事務所,8712,三原支所,6,国ダム,87080000,芦田川,,87080023,宇津戸川,,14,宇津戸川(国),うづとがわ,344621,世羅町,世羅郡世羅町大字宇津戸字田原4-3　,34.568333333333335,133.1277777777778,279.35 ,,,,,,,,,,,,
4,三原支所,22327,福山河川国道事務所,8712,三原支所,6,国ダム,87080000,芦田川,,87080024,矢多田川,,19,矢多田川(国),やただがわ,344621,世羅町,世羅郡世羅町伊尾字清信2078,34.63527777777778,133.11027777777778,254.75 ,,,,,,,,,,,,
4,三原支所,8705,広島県庁,8712,三原支所,2,河川課ダムG,87080000,芦田川,,87080210,山田川,,111,伊尾,いお,344621,世羅町,世羅郡世羅町大字伊尾1382-18,34.62916666666667,133.10000000000002,258.77 ,,,,,,,,,,,,
4,三原支所,8705,広島県庁,8712,三原支所,2,河川課ダムG,87080000,芦田川,,87080210,山田川,,112,青近,あおちか,344621,世羅町,世羅郡世羅町大字青近1439-9,34.636944444444445,133.0825,350.00 ,,,,,,,,,,,,
4,北部建設事務所,22328,三次河川国道事務所,8713,北部建設事務所,5,国土交通省,87075000,江の川,,87075001,江の川,,1,粟屋(国),あわや,342092,三次市,三次市粟屋中野,34.79111111111111,132.8322222222222,149.01 ,4.50,5.60,6.10,6.50,,,,,,,,
4,北部建設事務所,22328,三次河川国道事務所,8713,北部建設事務所,5,国土交通省,87075000,江の川,,87075001,江の川,,2,尾関山(国),おぜきやま,342092,三次市,三次市三次町五日市,34.81166666666666,132.84111111111113,144.15 ,6.00,8.00,8.90,9.50,,,,,,,,
4,北部建設事務所,22328,三次河川国道事務所,8713,北部建設事務所,5,国土交通省,87075000,江の川,,87075001,江の川,,3,大津(国),おおつ,320000,島根県,島根県邑智郡邑南町下口羽,34.88805555555555,132.67805555555555,96.13 ,4.20,5.20,,,,,,,,,,
4,北部建設事務所,22328,三次河川国道事務所,8713,北部建設事務所,5,国土交通省,87075000,江の川,,87075001,江の川,,19,上川立(国),かみかわたち,342092,三次市,三次市上川立町,34.72416666666667,132.78555555555556,172.97 ,,,,,,,,,,,,
4,北部建設事務所,8705,広島県庁,8713,北部建設事務所,1,河川課,87075000,江の川,,87075048,神野瀬川,,51,藤兼,ふじかね,342092,三次市,三次市君田町藤兼南組４０１番地地先,34.85916666666667,132.84611111111113,199.23 ,1.85,2.05,3.35,3.50,,,,,,,,
4,北部建設事務所,22328,三次河川国道事務所,8713,北部建設事務所,5,国土交通省,87075000,江の川,,87075048,神野瀬川,,6,神野瀬川(国),かんのせがわ,342092,三次市,三次市三原町中三原,34.830000000000005,132.80555555555557,156.27 ,3.50,4.50,5.10,5.50,,,,,,,,
4,北部建設事務所,8705,広島県庁,8713,北部建設事務所,1,河川課,87075000,江の川,,87075182,布野川,,52,下布野,しもふの,342092,三次市,三次市布野町下布野字大伴３７０?１番地地先,34.865,132.79305555555555,193.54 ,1.30,1.55,1.55,1.90,,,,,,,,
4,北部建設事務所,8705,広島県庁,8713,北部建設事務所,1,河川課,87075000,江の川,,87075049,馬洗川,,45,岡田,おかだ,342092,三次市,三次市三良坂町岡田７３?１番地地先,34.77027777777778,132.93166666666664,166.35 ,3.15,3.30,3.30,3.50,,,,,,,,
4,北部建設事務所,8705,広島県庁,8713,北部建設事務所,1,河川課,87075000,江の川,,87075049,馬洗川,,46,三玉,みたま,342092,三次市,三次市吉舎町三玉川隅学校橋,34.73388888888889,132.98833333333332,200.43 ,1.35,1.70,2.05,2.25,,,,,,,,
4,北部建設事務所,22328,三次河川国道事務所,8713,北部建設事務所,5,国土交通省,87075000,江の川,,87075049,馬洗川,,5,南畑敷(国),みなみはたしき,342092,三次市,三次市南畑敷町,34.80277777777778,132.88250000000002,154.39 ,3.50,4.40,5.60,6.00,,,,,,,,
4,北部建設事務所,8705,広島県庁,8713,北部建設事務所,1,河川課,87075000,江の川,,87075194,西城川,,50,小文,おぶみ,342092,三次市,三次市小文町３９?４番地地先,34.83444444444444,132.85444444444443,159.95 ,2.90,3.80,4.80,5.30,,,,,,,,
4,北部建設事務所,22328,三次河川国道事務所,8713,北部建設事務所,5,国土交通省,87075000,江の川,,87075194,西城川,,8,三次(国),みよし,342092,三次市,三次市三次町太才,34.816944444444445,132.84666666666666,152.53 ,3.00,4.00,5.60,5.90,,,,,,,,
4,北部建設事務所,8705,広島県庁,8713,北部建設事務所,1,河川課,87075000,江の川,,87075233,美波羅川,,47,小田幸,こだこう,342092,三次市,三次市小田幸町１３９?１番地地先,34.76138888888889,132.90416666666667,172.82 ,1.60,1.80,1.80,2.15,,,,,,,,
4,北部建設事務所,8705,広島県庁,8713,北部建設事務所,1,河川課,87075000,江の川,,87075233,美波羅川,,48,上壱,かみいち,342092,三次市,三次市三和町上壱２７６８?３番地地先,34.650555555555556,132.86222222222221,299.63 ,1.25,1.35,1.40,1.65,,,,,,,,
4,北部建設事務所,8705,広島県庁,8713,北部建設事務所,1,河川課,87075000,江の川,,87075227,国兼川,,49,和知,わち,342092,三次市,三次市和知町２１３６番地地先,34.809444444444445,132.93166666666664,182.07 ,1.50,1.90,2.10,2.40,,,,,,,,
4,北部建設事務所,22328,三次河川国道事務所,8713,北部建設事務所,5,国土交通省,87075000,江の川,,87075241,上下川,,4,計納(国),との,342092,三次市,三次市三良坂町仁賀計納479,34.79055555555556,132.98583333333332,197.30 ,1.90,2.35,3.95,4.05,,,,,,,,
4,北部建設事務所,22328,三次河川国道事務所,8713,北部建設事務所,5,国土交通省,87075000,江の川,,87075241,上下川,,17,上安田(国),かみやすだ,342092,三次市,三次市吉舎町上安田下郷,34.74666666666667,133.03583333333333,249.02 ,2.65,2.95,3.80,4.05,,,,,,,,
4,北部建設事務所,22328,三次河川国道事務所,8713,北部建設事務所,5,国土交通省,87075000,江の川,,87075241,上下川,,18,市場(国),いちば,342092,三次市,三次市三良坂町仁賀896-1,34.78611111111111,132.98055555555555,194.69 ,,,,,,,,,,,,
4,北部建設事務所,8705,広島県庁,8713,北部建設事務所,1,河川課,87075000,江の川,,87075274,北溝川,,102,十日市,とうかいち,342092,三次市,三次市十日市東4-6-1,34.80611111111111,132.85888888888888,153.23 ,,1.00,1.00,1.20,,,,,,,,
4,北部建設事務所,8705,広島県庁,8713,北部建設事務所,1,河川課,87075000,江の川,,87075053,板木川,,44,下志和地,しもしわち,342092,三次市,三次市下志和地町２６５５?１番地地先,34.728611111111114,132.8211111111111,192.82 ,1.40,1.85,1.85,2.20,,,,,,,,
4,庄原支所,8705,広島県庁,8714,庄原支所,1,河川課,87075000,江の川,,87075194,西城川,,54,西城,さいじょう,342106,庄原市,庄原市西城町中野字亀崎６３１番の１４番地先,34.94333333333333,133.12222222222223,320.55 ,1.50,1.80,2.95,3.65,,,,,,,,
4,庄原支所,8705,広島県庁,8714,庄原支所,1,河川課,87075000,江の川,,87075194,西城川,,103,高,たか,342106,庄原市,庄原市川西町字中島,34.9,133.08166666666665,276.22 ,,1.10,2.30,2.60,,,,,,,,
4,庄原支所,22328,三次河川国道事務所,8714,庄原支所,5,国土交通省,87075000,江の川,,87075194,西城川,,9,庄原(国),しょうばら,342106,庄原市,庄原市本町柳,34.863055555555555,133.01222222222222,232.18 ,3.00,4.00,,,,,,,,,,
4,庄原支所,8705,広島県庁,8714,庄原支所,1,河川課,87075000,江の川,,87075194,西城川,,115,石丸,いしまる,342106,庄原市,庄原市東本町2丁目,34.86361111111111,133.03166666666667,240.88 ,,2.65,4.15,4.85,,,,,,,,
4,庄原支所,8705,広島県庁,8714,庄原支所,1,河川課,87075000,江の川,,87075194,西城川,,116,下金田,しもきんでん,342106,庄原市,庄原市水越町字大貝１３０９?１,34.85722222222223,132.88722222222222,176.03 ,,,,,,,,,,,,
4,庄原支所,8705,広島県庁,8714,庄原支所,1,河川課,87075000,江の川,,87075205,比和川,,53,比和,ひわ,342106,庄原市,庄原市比和町比和１１１９の１番地先,34.98305555555556,132.98638888888888,415.75 ,1.00,1.35,1.45,1.70,,,,,,,,
4,庄原支所,8705,広島県庁,8714,庄原支所,1,河川課,87075000,江の川,,87075216,戸郷川,,156,戸郷川,とごうがわ,342106,庄原市,庄原市板橋町字西原沖50-1,34.85,133.01416666666665,247.42 ,,1.60,1.60,2.10,,,,,,,,
4,庄原支所,22328,三次河川国道事務所,8714,庄原支所,5,国土交通省,87075000,江の川,,87075248,田総川,,16,竹の花(国),たけのはな,342106,庄原市,庄原市総領町稲草,34.78,133.04416666666665,247.10 ,,,,,,,,,,,,
4,庄原支所,8705,広島県庁,8714,庄原支所,1,河川課,87079000,高梁川,,87079021,成羽川,,55,東城,とうじょう,342106,庄原市,庄原市東城町川西字榎ヶ坪２２６の４番地先,34.88611111111111,133.27694444444447,293.30 ,3.00,3.20,3.75,4.00,,,,,,,,
4,北部建設事務所,8705,広島県庁,8713,北部建設事務所,1,河川課,87081000,太田川,,87081019,三篠川,,13,向原,むかいはら,342149,安芸高田市,安芸高田市向原町長田字田屋３４６２?２地先,34.60722222222223,132.70333333333332,169.40 ,0.65,0.65,1.05,1.15,,,,,,,,
4,北部建設事務所,22328,三次河川国道事務所,8713,北部建設事務所,5,国土交通省,87075000,江の川,,87075001,江の川,,10,吉田(国),よしだ,342149,安芸高田市,安芸高田市吉田町内堀,34.665277777777774,132.7147222222222,191.85 ,4.60,5.90,5.90,6.50,,,,,,,,
4,北部建設事務所,22328,三次河川国道事務所,8713,北部建設事務所,6,国ダム,87075000,江の川,,87075001,江の川,,15,下土師(国),しもはじ,342149,安芸高田市,安芸高田市八千代町下土師,34.64055555555556,132.6213888888889,218.97 ,,,,,,,,,,,,
4,北部建設事務所,8705,広島県庁,8713,北部建設事務所,1,河川課,87075000,江の川,,87075045,長瀬川,,86,下原,しもばら,342149,安芸高田市,安芸高田市高宮町川根字下原,34.82361111111111,132.68166666666664,128.43 ,,,,,,,,,,,,
4,北部建設事務所,8705,広島県庁,8713,北部建設事務所,1,河川課,87075000,江の川,,87075047,生田川,,87,門田,もんでん,342149,安芸高田市,安芸高田市高宮町房後字立石,34.76694444444444,132.7238888888889,215.09 ,,,,,,,,,,,,
4,北部建設事務所,8705,広島県庁,8713,北部建設事務所,1,河川課,87075000,江の川,,87075058,本村川,,14,上甲立,かみこうだち,342149,安芸高田市,安芸高田市甲田町上甲立字六地蔵１２５２?１地先,34.708333333333336,132.7397222222222,196.24 ,,,,,,,,,,,,
4,北部建設事務所,8705,広島県庁,8713,北部建設事務所,1,河川課,87075000,江の川,,87075060,多治比川,,157,多治比,たじひ,342149,安芸高田市,安芸高田市吉田町多冶比,34.68194444444444,132.67416666666665,231.20 ,,0.70,0.85,1.15,,,,,,,,
4,安芸太田支所,22333,太田川河川事務所,8709,安芸太田支所,5,国土交通省,87081000,太田川,,87081001,太田川,,10,土居(国),どい,343684,安芸太田町,山県郡安芸太田町土居,34.57361111111111,132.23194444444445,265.35 ,3.10,3.55,3.65,3.90,,,,,,,,
4,安芸太田支所,22333,太田川河川事務所,8709,安芸太田支所,5,国土交通省,87081000,太田川,,87081001,太田川,,11,加計(国),かけ,343684,安芸太田町,山県郡安芸太田町中ノ渡,34.60888888888889,132.31972222222223,167.80 ,0.00,2.00,2.90,3.70,,,,,,,,
4,安芸太田支所,22333,太田川河川事務所,8709,安芸太田支所,6,国ダム,87081000,太田川,,87081029,滝山川,,26,黒滝(国),くろたき,343684,安芸太田町,山県郡安芸太田町大字向山字黒滝地内,34.66833333333333,132.29944444444445,381.60 ,,,,,,,,,,,,
4,安芸太田支所,22333,太田川河川事務所,8709,安芸太田支所,6,国ダム,87081000,太田川,,87081029,滝山川,,27,滝山(国),たきやま,343684,安芸太田町,山県郡安芸太田町加計大字加計字八幡5908-7,34.62361111111111,132.31722222222223,182.20 ,,,,,,,,,,,,
4,安芸太田支所,22333,太田川河川事務所,8709,安芸太田支所,6,国ダム,87081000,太田川,,87081029,滝山川,,28,後平(国),うしろびら,343684,安芸太田町,山県郡安芸太田町加計大字加計字大平1940-1,34.625277777777775,132.30083333333334,182.30 ,,,,,,,,,,,,
4,安芸太田支所,8705,広島県庁,8709,安芸太田支所,1,河川課,87075000,江の川,,87075001,江の川,,85,大朝,おおあさ,343692,北広島町,山県郡北広島町大朝２４９３,34.77166666666667,132.46388888888887,393.28 ,,,,,,,,,,,,
4,安芸太田支所,22328,三次河川国道事務所,8709,安芸太田支所,6,国ダム,87075000,江の川,,87075001,江の川,,14,川井(国),かわい,343692,北広島町,山県郡北広島町川井,34.677499999999995,132.56972222222223,254.90 ,2.50,3.50,,,,,,,,,,
4,安芸太田支所,8705,広島県庁,8709,安芸太田支所,1,河川課,87075000,江の川,,87075065,志路原川,,12,春木,はるき,343692,北広島町,山県郡北広島町春木字茶堂１４２５?３地先,34.68416666666666,132.5263888888889,273.50 ,0.90,1.10,1.55,1.65,,,,,,,,
4,安芸太田支所,8705,広島県庁,8709,安芸太田支所,1,河川課,87075000,江の川,,87075289,冠川,,155,石井谷,いしいたに,343692,北広島町,山県郡北広島町石井谷字岸本,34.660555555555554,132.53416666666666,273.79 ,,2.05,2.10,2.30,,,,,,,,
7,廿日市支所,8705,広島県庁,8708,廿日市支所,2,河川課ダムG,87082000,小瀬川,,87082001,小瀬川,,1,小瀬川ダム,おぜがわだむ,342131,廿日市市,廿日市市浅原字前中山（左岸）,34.308055555555555,132.12333333333333,,,,,,200.00,205.50,211.50,216.00,222.80,224.60,,
7,西部建設事務所,8705,広島県庁,8706,西部建設事務所,2,河川課ダムG,87701000,八幡川,,87701614,八幡川,,3,魚切ダム,うおきりだむ,341088,広島市佐伯区,広島市佐伯区五日市町上河内,34.42666666666666,132.32999999999998,,,,,,60.00,186.00,,210.50,224.70,227.00,,
7,西部建設事務所,8705,広島県庁,8706,西部建設事務所,2,河川課ダムG,87701000,八幡川,,87701616,梶毛川,,8,梶毛ダム,かじけだむ,341088,広島市佐伯区,広島市佐伯区五日市町石内地先,34.43944444444444,132.3775,,,,,,5.00,162.00,,171.10,,181.60,,
7,呉支所,8705,広島県庁,8707,呉支所,2,河川課ダムG,87705000,野呂川,,87705606,野呂川,,4,野呂川ダム,のろがわだむ,342025,呉市,呉市安浦町中畑,34.288333333333334,132.7097222222222,,,,,,20.00,122.40,,124.40,132.80,134.40,,
7,東広島支所,8705,広島県庁,8710,東広島支所,2,河川課ダムG,87296000,沼田川,,87296016,椋梨川,,2,椋梨ダム,むくなしだむ,342122,東広島市,東広島市河内町小田,34.501666666666665,132.89249999999998,,,,,,180.00,250.00,260.60,264.70,263.90,265.00,,
7,東広島支所,8705,広島県庁,8710,東広島支所,2,河川課ダムG,87296000,沼田川,,87296001,沼田川,,9,福富ダム,ふくとみだむ,342122,東広島市,東広島市福富町久芳,34.526666666666664,132.77361111111114,,,,,,50.00,303.20,,322.60,,330.50,,
7,東広島支所,8705,広島県庁,8710,東広島支所,2,河川課ダムG,87707000,賀茂川,,87707604,賀茂川,,6,仁賀ダム,にかだむ,342033,竹原市,竹原市仁賀町,34.37694444444445,132.8427777777778,,,,,,13.00,136.80,,151.20,,160.00,,
7,三原支所,8705,広島県庁,8712,三原支所,2,河川課ダムG,87080000,芦田川,,87080020,御調川,,5,御調ダム,みつぎだむ,342050,尾道市,尾道市御調町津蟹,34.5,133.07638888888889,,,,,,60.00,149.50,,157.60,,175.30,,
7,三原支所,8705,広島県庁,8712,三原支所,2,河川課ダムG,87080000,芦田川,,87080210,山田川,,7,山田川ダム,やまだがわだむ,344621,世羅町,世羅郡世羅町別迫,34.640277777777776,133.07,,,,,,4.00,406.00,,410.00,,416.50,,
7,三原支所,8705,広島県庁,8712,三原支所,2,河川課ダムG,87080000,芦田川,,87080005,野間川,,23,野間川ダム,のまがわだむ,342041,三原市,三原市久井町吉田,34.52916666666667,133.06833333333333,,,,,,4.00,386.90,,397.20,,401.10,,
7,東部建設事務所,8705,広島県庁,8711,東部建設事務所,2,河川課ダムG,87080000,芦田川,,87080013,四川,,10,四川ダム,しかわだむ,342076,福山市,福山市加茂町北山,34.60055555555556,133.3388888888889,,,,,,4.00,133.20,,148.50,,163.30,,
7,庄原支所,8705,広島県庁,8714,庄原支所,2,河川課ダムG,87075000,江の川,,87075999,大戸川,,11,庄原ダム,しょうばらだむ,342106,庄原市,庄原市川西町上川西,34.902499999999996,133.07444444444445,,,,,,5.00,318.60,,328.90,,339.20,,
7,三原支所,8705,広島県庁,8712,三原支所,4,農業基盤課,87080000,芦田川,,87080001,芦田川,,1001,三川ダム,みかわだむ,344621,世羅町,世羅郡世羅町伊尾,34.615833333333335,133.10416666666666,,,,,,,,,,,,,
7,北部建設事務所,22328,三次河川国道事務所,8713,北部建設事務所,6,国ダム,87075000,江の川,,87075001,江の川,,2,土師ダム,はじだむ,342149,安芸高田市,安芸高田市八千代町土師字新開369-24,34.64472222222222,132.6227777777778,,,,,,,234.70,242.90,254.40,,256.40,,
7,廿日市支所,22333,太田川河川事務所,8708,廿日市支所,6,国ダム,87082000,小瀬川,,87082001,小瀬川,,8,弥栄ダム,やさかだむ,342114,大竹市,大竹市前飯谷,34.23111111111111,132.1625,,,,,,,53.00,,106.00,,128.00,,
7,安芸太田支所,22333,太田川河川事務所,8709,安芸太田支所,6,国ダム,87081000,太田川,,87081029,滝山川,,5,温井ダム,ぬくいだむ,343684,安芸太田町,山県郡安芸太田町大字加計地先,34.63472222222222,132.29916666666668,,,,,,,289.00,351.00,360.00,,381.00,,
7,三原支所,22327,福山河川国道事務所,8712,三原支所,6,国ダム,87080000,芦田川,,87080001,芦田川,,2,八田原ダム,はったばらだむ,344621,世羅町,世羅郡世羅町大字小谷字苦谷山,34.59055555555556,133.14694444444444,,,,,,,204.50,,235.00,,252.90,,
7,北部建設事務所,22328,三次河川国道事務所,8713,北部建設事務所,6,国ダム,87075000,江の川,,87075241,上下川,,3,灰塚ダム,はいづかだむ,342092,三次市,三次市三良坂町仁賀1575,34.78583333333333,132.98583333333332,,,,,,,222.70,,231.20,,247.30,,
12,廿日市支所,8705,広島県庁,8708,廿日市支所,8,港湾漁港整備課,87000000,中国その他,,87999999,沿岸部,,5,大竹港,おおたけこう,342114,大竹市,大竹市晴海二丁目,34.236666666666665,132.22305555555556,,,,,,,,,,,,210,260
12,広島港湾振興事務所,8705,広島県庁,8715,広島港湾振興事務所,11,海上保安庁・港湾漁港整備課,87000000,中国その他,,87999999,沿岸部,,13,広島港,ひろしまこう,341037,広島市南区,広島市南区宇品海岸二丁目1034-4地先,34.35305555555556,132.46527777777777,,,,,,,,,,,,210,250
12,広島港湾振興事務所,8705,広島県庁,8715,広島港湾振興事務所,8,港湾漁港整備課,87000000,中国その他,,87999999,沿岸部,,2,柿浦港,かきうらこう,342157,江田島市,江田島市大柿町柿浦,34.17861111111111,132.4713888888889,,,,,,,,,,,,210,260
12,呉支所,8705,広島県庁,8707,呉支所,8,港湾漁港整備課,87000000,中国その他,,87999999,沿岸部,,1,呉(阿賀)港,くれあがこう,342025,呉市,呉市阿賀南七丁目,34.211666666666666,132.5863888888889,,,,,,,,,,,,210,260
12,呉支所,8705,広島県庁,8707,呉支所,8,港湾漁港整備課,87000000,中国その他,,87999999,沿岸部,,4,倉橋港,くらはしこう,342025,呉市,呉市倉橋町海越,34.08722222222222,132.54805555555555,,,,,,,,,,,,220,260
12,呉支所,8705,広島県庁,8707,呉支所,8,港湾漁港整備課,87000000,中国その他,,87999999,沿岸部,,8,御手洗港,みたらいこう,342025,呉市,呉市豊町久比,34.189166666666665,132.83194444444445,,,,,,,,,,,,220,260
12,東広島支所,8705,広島県庁,8710,東広島支所,8,港湾漁港整備課,87000000,中国その他,,87999999,沿岸部,,3,竹原港,たけはらこう,342033,竹原市,竹原市塩町一丁目,34.33277777777778,132.91333333333333,,,,,,,,,,,,220,260
12,東広島支所,8705,広島県庁,8710,東広島支所,8,港湾漁港整備課,87000000,中国その他,,87999999,沿岸部,,11,木江港,きのえこう,344311,大崎上島町,豊田郡大崎上島町野賀,34.21888888888889,132.91722222222222,,,,,,,,,,,,210,250
12,三原支所,8705,広島県庁,8712,三原支所,8,港湾漁港整備課,87000000,中国その他,,87999999,沿岸部,,9,糸崎港,いとざきこう,342041,三原市,三原市城町,34.39694444444444,133.0822222222222,,,,,,,,,,,,210,250
12,三原支所,8705,広島県庁,8712,三原支所,8,港湾漁港整備課,87000000,中国その他,,87999999,沿岸部,,10,尾道港,おのみちこう,342050,尾道市,尾道市西御所町,34.40333333333333,133.19333333333333,,,,,,,,,,,,210,250
12,三原支所,8705,広島県庁,8712,三原支所,8,港湾漁港整備課,87000000,中国その他,,87999999,沿岸部,,7,土生港,はぶこう,342050,尾道市,尾道市因島田熊東港,34.294999999999995,133.16805555555555,,,,,,,,,,,,210,250
12,東部建設事務所,8705,広島県庁,8711,東部建設事務所,8,港湾漁港整備課,87000000,中国その他,,87999999,沿岸部,,12,横田港,よこたこう,342076,福山市,福山市内海町曽根,34.35861111111111,133.29194444444445,,,,,,,,,,,,220,260
12,東部建設事務所,8705,広島県庁,8711,東部建設事務所,8,港湾漁港整備課,87000000,中国その他,,87999999,沿岸部,,6,福山港,ふくやまこう,342076,福山市,福山市引野町沖浦,34.47888888888889,133.4127777777778,,,,,,,,,,,,220,260
13,廿日市支所,16195,広島地方気象台,8708,廿日市支所,9,気象台,87999000,その他,,87999999,沿岸部,,7496,大竹,おおたけ,342114,大竹市,大竹市立戸,34.22166666666667,132.22,,,,,,,,,,,,,
13,西部建設事務所,16195,広島地方気象台,8706,西部建設事務所,9,気象台,87081000,太田川,,87081012,京橋川,,7437,広島,ひろしま,341011,広島市中区,広島市中区上八丁堀,34.39833333333333,132.46166666666664,,,,,,,,,,,,,
13,呉支所,16195,広島地方気象台,8707,呉支所,9,気象台,87702000,二河川,,87702609,二河川,,7511,呉,くれ,342025,呉市,呉市宝町,34.24,132.55,,,,,,,,,,,,,
13,呉支所,16195,広島地方気象台,8707,呉支所,9,気象台,87999000,その他,,87999999,沿岸部,,7576,呉市蒲刈,くれしかまがり,342025,呉市,呉市蒲刈町大浦字前沖浦 ,34.165,132.7483333333333,,,,,,,,,,,,,
13,東広島支所,16195,広島地方気象台,8710,東広島支所,9,気象台,87999000,その他,,87999999,沿岸部,,7461,竹原,たけはら,342033,竹原市,竹原市忠海町,34.330000000000005,132.98166666666665,,,,,,,,,,,,,
13,東広島支所,8705,広島県庁,8710,東広島支所,8,港湾漁港整備課,87000000,中国その他,,87999999,沿岸部,,121,竹原港,たけはらこう,342033,竹原市,竹原市塩町一丁目,34.33277777777778,132.91333333333333,,,,,,,,,,,,,
13,三原支所,16195,広島地方気象台,8712,三原支所,9,気象台,87999000,その他,,87999999,沿岸部,,7471,生口島,いくちじま,342050,尾道市,尾道市瀬戸田町御寺,34.27833333333333,133.12333333333333,,,,,,,,,,,,,
13,東部建設事務所,16195,広島地方気象台,8711,東部建設事務所,9,気象台,87709000,本郷川,,87709000,本郷川,,7401,福山,ふくやま,342076,福山市,福山市松永町,34.446666666666665,133.24666666666664,,,,,,,,,,,,,
13,東部建設事務所,16195,広島地方気象台,8711,東部建設事務所,9,気象台,87000000,中国その他,,87000999,その他,,6481,笠岡,かさおか,332054,岡山市,岡山県笠岡市カブト東町,34.501666666666665,133.49499999999998,,,,,,,,,,,,,
13,廿日市支所,16195,広島地方気象台,8708,廿日市支所,9,気象台,87082000,小瀬川,,87082019,林川,,7421,廿日市津田,はつかいちつた,342131,廿日市市,廿日市市津田,34.365,132.19,,,,,,,,,,,,,
13,安芸太田支所,16195,広島地方気象台,8709,安芸太田支所,9,気象台,87081000,太田川,,87081001,太田川,,7212,加計,かけ,343684,安芸太田町,山県郡安芸太田町加計字神田,34.61,132.32,,,,,,,,,,,,,
13,安芸太田支所,16195,広島地方気象台,8709,安芸太田支所,9,気象台,87075000,江の川,,87075001,江の川,,7151,大朝,おおあさ,343692,北広島町,山県郡北広島町大朝字大坪,34.76833333333333,132.4633333333333,,,,,,,,,,,,,
13,西部建設事務所,16195,広島地方気象台,8706,西部建設事務所,9,気象台,87081000,太田川,,87081000,石内川,山倉川,7292,三入,みいり,341061,広島市安佐北区,広島市安佐北区三入,34.544999999999995,132.53,,,,,,,,,,,,,
13,東広島支所,16195,広島地方気象台,8710,東広島支所,9,気象台,87297000,黒瀬川,,87297000,番蔵川,,7376,東広島,ひがしひろしま,342122,東広島市,東広島市八本松町原,34.416666666666664,132.7,,,,,,,,,,,,,
13,三原支所,16195,広島地方気象台,8712,三原支所,9,気象台,87296000,沼田川,,87296204,善入寺川,,7386,本郷,ほんごう,342041,三原市,三原市本郷町善入寺平岩,34.434999999999995,132.91833333333332,,,,,,,,,,,,,
13,北部建設事務所,16195,広島地方気象台,8713,北部建設事務所,9,気象台,87075000,江の川,,87075194,西城川,,7106,三次,みよし,342092,三次市,三次市三次町,34.81166666666666,132.85,,,,,,,,,,,,,
13,庄原支所,16195,広島地方気象台,8714,庄原支所,9,気象台,87075000,江の川,,87075048,神野瀬川,,7016,高野,たかの,342106,庄原市,庄原市高野町新市,35.03333333333333,132.90166666666667,,,,,,,,,,,,,
13,庄原支所,16195,広島地方気象台,8714,庄原支所,9,気象台,87075000,江の川,,87075194,西城川,,7116,庄原,しょうばら,342106,庄原市,庄原市東本町,34.86,133.02333333333334,,,,,,,,,,,,,
13,三原支所,16195,広島地方気象台,8712,三原支所,9,気象台,87080000,芦田川,,87080000,河手川,神崎川,7316,世羅,せら,344621,世羅町,世羅郡世羅町大字東神崎字大田,34.583333333333336,133.05,,,,,,,,,,,,,
13,東部建設事務所,16195,広島地方気象台,8711,東部建設事務所,9,気象台,87080000,芦田川,,87080001,芦田川,,7326,府中,ふちゅう,342084,府中市,府中市土生町,34.56166666666666,133.23166666666665,,,,,,,,,,,,,
13,東部建設事務所,16195,広島地方気象台,8711,東部建設事務所,9,気象台,87079000,高梁川,,87079000,安田川,,7191,油木,ゆき,345458,神石高原町,神石郡神石高原町安田伊ノ平谷,34.763333333333335,133.27833333333334,,,,,,,,,,,,,

